"traits_combination","k","treated_count","control_count","treated_ok","control_ok","treated_kept","control_kept","treated_prop","control_prop","treated_prop_kept","control_prop_kept","ATE","CI_lower","CI_upper","StdErr","p_value","ATE_pct","CI_lower_pct","CI_upper_pct","overlap_alpha","target_sample","n_total","n_kept","kept_pct"
"Fur_Pink",1,477,8777,477,8777,212,4694,0.0515452777177437,0.948454722282256,0.0432123929881777,0.956787607011822,0.00248253253284732,-0.0969707689569951,0.10193583402269,0.0507414803519604,0.960978977540575,0.248561656828028,-9.24174646703465,10.7312417664864,0.05,"overlap",9254,4906,53.0149124702831
"Mouth_Dumbfounded",1,481,8773,481,8773,259,4694,0.0519775232331965,0.948022476766804,0.0522915404805169,0.947708459519483,-0.0626652570279798,-0.136952635859115,0.0116221218031556,0.0379017238934364,0.0982572814462426,-6.07421689704052,-12.7988472769165,1.16899210632626,0.05,"overlap",9254,4953,53.5228009509401
"Eyes_Wide.Eyed",1,510,8744,510,8744,353,6195,0.0551113032202291,0.944888696779771,0.053909590714722,0.946090409285278,-0.0877092346031042,-0.142600363399622,-0.0328181058065863,0.0280056779574071,0.00173715949765163,-8.39728129868599,-13.2899475231441,-3.2285434758357,0.05,"overlap",9254,6548,70.7585908796196
"Eyes_Sad",1,519,8735,519,8735,373,6014,0.0560838556299978,0.943916144370002,0.058399874745577,0.941600125254423,-0.111932752126779,-0.176930723015952,-0.0469347812376059,0.0331622300454966,0.00073733025867484,-10.5895617903158,-16.2162174609813,-4.58503759811989,0.05,"overlap",9254,6387,69.0188026799222
"Hat_Beanie",1,531,8723,531,8723,426,7212,0.0573805921763562,0.942619407823644,0.0557737627651218,0.944226237234878,-0.0511696556669602,-0.107182150385444,0.00484283905152387,0.028577803427798,0.0733673928150345,-4.98825359540367,-10.1637978902281,0.485458454942767,0.05,"overlap",9254,7638,82.5372811757078
"Fur_Cream",1,591,8663,591,8663,547,8117,0.0638642749081478,0.936135725091852,0.063134810710988,0.936865189289012,-0.0339467933412106,-0.088033353924664,0.0201397672422427,0.0275951839711497,0.21863310040493,-3.33770659540692,-8.42696669865877,2.03439407198043,0.05,"overlap",9254,8664,93.6243786470715
"Fur_Tan",1,592,8662,592,8662,562,8337,0.063972336287011,0.936027663712989,0.0631531632767727,0.936846836723227,-0.0581901793384226,-0.106701643276279,-0.00967871540056641,0.0247507469070695,0.0187206485582974,-5.65294982219383,-10.1206205837833,-0.963202738275382,0.05,"overlap",9254,8899,96.1638210503566
"Mouth_Grin",1,658,8596,658,8596,655,8578,0.0711043872919818,0.928895612708018,0.070941189212607,0.929058810787393,-0.0179537154671538,-0.0696088176342712,0.0337013866999635,0.026354643962815,0.49572257474389,-1.77935077250995,-6.72413727253374,3.42757121268493,0.05,"overlap",9254,9233,99.7730711043873
"Mouth_Bored.Cigarette",1,669,8585,669,8585,669,8583,0.072293062459477,0.927706937540523,0.0723086900129702,0.92769130998703,-0.0147026752208897,-0.0643788945077407,0.0349735440659613,0.0253450098402301,0.561846252231784,-1.45951186598353,-6.23503380898386,3.55923108753387,0.05,"overlap",9254,9252,99.9783877242274
"Eyes_Closed",1,677,8577,677,8577,672,8520,0.0731575534903825,0.926842446509617,0.0731070496083551,0.926892950391645,-0.024437786494679,-0.0766014193829875,0.0277258463936296,0.0266140984124023,0.358499981910865,-2.41416013984194,-7.37410310881522,2.81137846794464,0.05,"overlap",9254,9192,99.3300194510482
"Eyes_Sleepy",1,689,8565,689,8565,687,8551,0.0744542900367409,0.925545709963259,0.0743667460489283,0.925633253951072,-0.0421460080744478,-0.0890696675712253,0.00477765142232972,0.0239406426003967,0.0783336341112171,-4.12702119375559,-8.5218159274623,0.478908259635769,0.05,"overlap",9254,9238,99.8271017938189
"Fur_Golden.Brown",1,727,8527,727,8527,727,8526,0.0785606224335423,0.921439377566458,0.0785691127201989,0.921430887279801,-0.0453696274122402,-0.0897224545004975,-0.00101680032398299,0.0226289934123762,0.0449701546507493,-4.43558157439613,-8.58151220374409,-0.101628355769778,0.05,"overlap",9254,9253,99.9891938621137
"Mouth_Other",1,743,8511,743,8511,743,8500,0.0802896044953534,0.919710395504647,0.0803851563345234,0.919614843665477,0.330341116399477,0.275180012859158,0.385502219939796,0.0281434201736321,0,39.1442691439554,31.6767688650698,47.0352576424851,0.05,"overlap",9254,9243,99.8811324832505
"Earring_Silver.Stud",1,759,8495,759,8495,759,8495,0.0820185865571645,0.917981413442836,0.0820185865571645,0.917981413442836,0.0101477354377848,-0.0371330132772465,0.057428484152816,0.0241228309770567,0.673996551055989,1.01993983108857,-3.64520378473561,5.91095248313223,0.05,"overlap",9254,9254,100
"Eyes_Bloodshot",1,776,8478,776,8478,776,8478,0.0838556299978388,0.916144370002161,0.0838556299978388,0.916144370002161,-0.0121975688370676,-0.0583502006612523,0.033955062987117,0.0235472611347881,0.604455674643301,-1.21234800346673,-5.66804615406865,3.45381166308878,0.05,"overlap",9254,9254,100
"Earring_Silver.Hoop",1,802,8452,802,8452,802,8452,0.0866652258482818,0.913334774151718,0.0866652258482818,0.913334774151718,-0.00788529960869316,-0.0503519435286771,0.0345813443112908,0.0216666550612163,0.715904979844987,-0.785429218819411,-4.91052956347785,3.5186231462403,0.05,"overlap",9254,9254,100
"Background_Gray",1,1082,8172,1082,8172,1082,8172,0.116922411929976,0.883077588070024,0.116922411929976,0.883077588070024,0.0041111372957201,-0.0352835975088151,0.0435058721002553,0.0200993544921098,0.837930941288852,0.411959961326125,-3.46683882060155,4.44661275038327,0.05,"overlap",9254,9254,100
"Background_Blue",1,1142,8112,1142,8112,1142,8112,0.123406094661768,0.876593905338232,0.123406094661768,0.876593905338232,-0.00797084909051328,-0.0467111614109516,0.030769463229925,0.0197654654696114,0.686748498666103,-0.793916610887568,-4.56369853493748,3.12477359582557,0.05,"overlap",9254,9254,100
"Fur_Black",1,1149,8105,1149,8105,1149,8105,0.12416252431381,0.87583747568619,0.12416252431381,0.87583747568619,-0.0840407264791551,-0.120300917834649,-0.0477805351236615,0.0185000976303539,5.55335193297424e-06,-8.06061883402661,-11.3346413308186,-4.66570105783366,0.05,"overlap",9254,9254,100
"Background_New.Punk.Blue",1,1156,8098,1156,8098,1156,8098,0.124918953965853,0.875081046034147,0.124918953965853,0.875081046034147,-0.00737311175025831,-0.0473014487844903,0.0325552252839737,0.0203716005276694,0.717403666885765,-0.734599704266559,-4.62001675506712,3.30909443093947,0.05,"overlap",9254,9254,100
"Background_Army.Green",1,1158,8096,1158,8096,1158,8096,0.125135076723579,0.874864923276421,0.125135076723579,0.874864923276421,0.0134911666659428,-0.0266675821225457,0.0536499154544312,0.0204891575451472,0.510246479899888,1.3582583097111,-2.63151420127905,5.5115157979901,0.05,"overlap",9254,9254,100
"Background_Aquamarine",1,1159,8095,1159,8095,1159,8095,0.125243138102442,0.874756861897558,0.125243138102442,0.874756861897558,-0.0371212681323259,-0.0738057758253537,-0.000436760439298162,0.0187165855576672,0.0473299691932751,-3.64407207704425,-7.11479181481699,-0.0436665073342057,0.05,"overlap",9254,9254,100
"Background_Yellow",1,1176,8078,1176,8078,1176,8078,0.127080181543116,0.872919818456883,0.127080181543116,0.872919818456883,-0.0193334895399224,-0.0566940785050415,0.0180270994251967,0.0190615249822036,0.310455021147548,-1.91477962562889,-5.51169147978229,1.81905683950725,0.05,"overlap",9254,9254,100
"Background_Orange",1,1183,8071,1183,8071,1183,8071,0.127836611195159,0.872163388804841,0.127836611195159,0.872163388804841,0.0343585154890006,-0.00782095252910977,0.076537983507111,0.0215201367439339,0.110360442479319,3.49555878315737,-0.779044845531829,7.95431943950224,0.05,"overlap",9254,9254,100
"Background_Purple",1,1198,8056,1198,8056,1198,8056,0.129457531878107,0.870542468121893,0.129457531878107,0.870542468121893,0.0200906180753667,-0.0200755517987758,0.0602567879495093,0.020492943813338,0.326904698636102,2.02937928975628,-1.98753796687177,6.21092483866359,0.05,"overlap",9254,9254,100
"Fur_Dark.Brown",1,1264,7990,1264,7990,1264,7990,0.136589582883078,0.863410417116922,0.136589582883078,0.863410417116922,-0.0321065901382438,-0.0717555590067605,0.00754237873027295,0.0202290657492432,0.112478357618951,-3.15966456696485,-6.92416164898553,0.75708941149224,0.05,"overlap",9254,9254,100
"Fur_Brown",1,1281,7973,1281,7973,1281,7973,0.138426626323752,0.861573373676248,0.138426626323752,0.861573373676248,-0.0492121100461913,-0.085734549936199,-0.0126896701561835,0.0186338979030652,0.00826619068087875,-4.8020816066778,-8.21621610012085,-1.26094957789634,0.05,"overlap",9254,9254,100
"Mouth_Bored.Unshaven",1,1442,7812,1442,7812,1442,7812,0.155824508320726,0.844175491679274,0.155824508320726,0.844175491679274,-0.0516507279261863,-0.0860723116618284,-0.0172291441905442,0.0175620325181848,0.00327107009919692,-5.03395011835347,-8.24721191446112,-1.70815712198737,0.05,"overlap",9254,9254,100
"Eyes_Bored",1,1586,7668,1586,7668,1586,7668,0.171385346877026,0.828614653122974,0.171385346877026,0.828614653122974,-0.0271121162683117,-0.0615048461710149,0.00728061363439153,0.0175473111748486,0.122325305269884,-2.67478819884074,-5.96516113607185,0.73071817400705,0.05,"overlap",9254,9254,100
"Clothes_No",1,1736,7518,1736,7518,1736,7518,0.187594553706505,0.812405446293495,0.187594553706505,0.812405446293495,0.00363710453205206,-0.0277334126437989,0.035007621707903,0.0160053659060464,0.820234930611143,0.364372682296144,-2.73523721985299,3.56276020206221,0.05,"overlap",9254,9254,100
"Hat_No",1,2088,7166,2088,7166,2088,7166,0.22563215906635,0.77436784093365,0.22563215906635,0.77436784093365,-0.0130666755241069,-0.0439750914495454,0.0178417404013316,0.0157695999619584,0.407331326590976,-1.2981677137698,-4.30222058941541,1.80018550756049,0.05,"overlap",9254,9254,100
"Mouth_Bored",1,2127,7127,2127,7127,2127,7127,0.229846552842014,0.770153447157986,0.229846552842014,0.770153447157986,-0.0568380900032238,-0.0872239552468963,-0.0264522247595512,0.0155029924712615,0.000246118179777044,-5.52529790288879,-8.3528176025434,-2.61054292286013,0.05,"overlap",9254,9254,100
"Earring_No",1,6530,2724,6530,2724,6530,2724,0.705640803976659,0.294359196023341,0.705640803976659,0.294359196023341,-0.0384868855502894,-0.0670403994306011,-0.0099333716699778,0.0145681193266896,0.00824529015910591,-3.77556760381339,-6.4842579253696,-0.988419868614054,0.05,"overlap",9254,9254,100
"Clothes_Hawaiian+Earring_No",2,186,9068,186,9068,87,3568,0.0200994164685541,0.979900583531446,0.0238030095759234,0.976196990424077,0.0404370042484934,-0.128162916140987,0.209036924637974,0.0860203675456534,0.638293295744842,4.12657123202953,-12.0289951496766,23.2490506955834,0.02,"overlap",9254,3655,39.4964339744975
"Clothes_Sailor.Shirt+Earring_No",2,188,9066,188,9066,85,4224,0.0203155392262805,0.97968446077372,0.0197261545602228,0.980273845439777,-0.149195774200244,-0.256668567968172,-0.0417229804323172,0.0548330580448608,0.00651026335004445,-13.8599541595632,-22.6375424755255,-4.08645569402825,0.02,"overlap",9254,4309,46.5636481521504
"Earring_No+Hat_Army.Hat",2,193,9061,193,9061,104,4636,0.0208558461205965,0.979144153879403,0.0219409282700422,0.978059071729958,-0.160229058282139,-0.26002076188489,-0.0604373546793894,0.050914134491199,0.00164929732812946,-14.8051379272921,-22.896442251452,-5.86472614845832,0.02,"overlap",9254,4740,51.2210935811541
"Earring_No+Hat_Sea.Captain.s.Hat",2,189,9065,189,9065,85,4192,0.0204236006051437,0.979576399394856,0.0198737432779986,0.980126256722001,0.0691618507289421,-0.089928787886108,0.228252489343992,0.0811686931709439,0.394172217025018,7.16096359140574,-8.60037294397138,25.6402513633796,0.02,"overlap",9254,4277,46.2178517397882
"Earring_No+Hat_Other",2,208,9046,208,9046,144,5330,0.0224767668035444,0.977523233196456,0.0263061746437706,0.97369382535623,0.294142689249253,0.157112448945202,0.431172929553305,0.0699133879102305,2.58503861283454e-05,34.1975375465005,17.0127186071024,53.9061676193829,0.02,"overlap",9254,5474,59.1527987897126
"Earring_No+Fur_Zombie",2,189,9065,189,9065,85,4173,0.0204236006051437,0.979576399394856,0.019962423673086,0.980037576326914,0.133078261989909,0.00743098108464202,0.258725542895176,0.0641057555639118,0.0379015787618058,14.2339396586934,0.745865934097267,29.5278257718511,0.02,"overlap",9254,4258,46.0125351199481
"Earring_No+Eyes_Zombie",2,203,9051,203,9051,127,5396,0.0219364599092284,0.978063540090772,0.0229947492304907,0.977005250769509,0.0819777817470541,-0.0308870893468959,0.194842652841004,0.0575841179050765,0.154557107603841,8.54316931657206,-3.04149566237844,21.5119775802334,0.02,"overlap",9254,5523,59.6822995461422
"Earring_No+Hat_Short.Mohawk",2,198,9056,198,9056,98,4899,0.0213961530149125,0.978603846985088,0.0196117670602361,0.980388232939764,-0.0814708660439504,-0.18832510176173,0.0253833696738294,0.0545174672029489,0.135071278597116,-7.82404360346731,-17.1654633084558,2.57082706038503,0.02,"overlap",9254,4997,53.9982710179382
"Earring_No+Hat_Halo",2,201,9053,201,9053,117,5705,0.0217203371515021,0.978279662848498,0.0200961868773617,0.979903813122638,0.0155155670957418,-0.137561317139595,0.168592451331079,0.078100451140478,0.842527398779014,1.56365584467937,-12.8519088357883,18.363765066291,0.02,"overlap",9254,5822,62.9133347741517
"Clothes_Navy.Striped.Tee+Earring_No",2,211,9043,211,9043,152,6711,0.022800950940134,0.977199049059866,0.0221477487979018,0.977852251202098,-0.0384977272558925,-0.150181960361557,0.0731865058497723,0.0569817515845229,0.499285102502264,-3.77661083512604,-13.9448624061555,7.59311856631177,0.02,"overlap",9254,6863,74.1625243138102
"Clothes_Black.T+Earring_No",2,224,9030,224,9030,193,7738,0.0242057488653555,0.975794251134644,0.0243348884125583,0.975665111587442,-0.0175504863660812,-0.110401555775032,0.07530058304287,0.0473729945964037,0.711028974985959,-1.73973736231203,-10.4525519858336,7.82081932809506,0.02,"overlap",9254,7931,85.7034795763994
"Earring_No+Eyes_Sunglasses",2,214,9040,214,9040,162,6131,0.0231251350767236,0.976874864923276,0.0257428889242015,0.974257111075798,0.0148777026283727,-0.109874511528668,0.139629916785413,0.0636490888556328,0.815182384931154,1.49889265470464,-10.4053440793461,14.9848180594036,0.02,"overlap",9254,6293,68.0030257186082
"Earring_No+Mouth_Phoneme.Vuh",2,224,9030,224,9030,181,7785,0.0242057488653555,0.975794251134644,0.0227215666582978,0.977278433341702,-0.0494134425605825,-0.13625918926787,0.0374323041467046,0.0443090544424934,0.264764870670289,-4.82124611366881,-12.7383569638313,3.81417168136493,0.02,"overlap",9254,7966,86.0816944024206
"Earring_No+Eyes_Eyepatch",2,224,9030,224,9030,173,7366,0.0242057488653555,0.975794251134644,0.022947340496087,0.977052659503913,-0.0372103799931602,-0.137304989558308,0.0628842295719872,0.051068678349565,0.466225519609751,-3.65265815051771,-12.82956751314,6.49035477551738,0.02,"overlap",9254,7539,81.4674735249622
"Earring_No+Eyes_Robot",2,235,9019,235,9019,203,7894,0.0253944240328507,0.974605575967149,0.0250710139557861,0.974928986044214,0.0177241466047396,-0.0633802622104614,0.0988285554199406,0.0413798004159189,0.668411994027925,1.78821514108709,-6.14135031549666,10.3877029600914,0.02,"overlap",9254,8097,87.4972984655284
"Earring_No+Hat_Fisherman.s.Hat",2,225,9029,225,9029,188,7647,0.0243138102442187,0.975686189755781,0.0239948947032546,0.976005105296745,-0.0928989517300401,-0.172207034663611,-0.013590868796469,0.0404633076191689,0.0216826686300482,-8.87144205249133,-15.8195127662605,-1.34989299201821,0.02,"overlap",9254,7835,84.6660903393127
"Earring_No+Hat_Cowboy.Hat",2,234,9020,234,9020,206,7603,0.0252863626539875,0.974713637346013,0.026379818158535,0.973620181841465,-0.0250946712338501,-0.111271130925073,0.0610817884573724,0.0439675814751135,0.568166435746319,-2.47824173938861,-10.5303863750463,6.29858506048788,0.02,"overlap",9254,7809,84.3851307542684
"Earring_No+Hat_Fez",2,237,9017,237,9017,218,8194,0.025610546790577,0.974389453209423,0.0259153590109368,0.974084640989063,-0.075743725310138,-0.162588912482371,0.0111014618620953,0.0443087689654252,0.0873672073549077,-7.2946243467,-15.0059483455468,1.11633117526733,0.02,"overlap",9254,8412,90.901231899719
"Earring_No+Fur_Cheetah",2,261,8993,261,8993,252,8746,0.0282040198832937,0.971795980116706,0.0280062236052456,0.971993776394754,0.0390720397977249,-0.0489905483873597,0.127134627982809,0.0449298919311656,0.384506800267171,3.98453912036103,-4.78098706117631,13.5569886974243,0.02,"overlap",9254,8998,97.2336287011022
"Earring_No+Eyes_Heart",2,262,8992,262,8992,256,8880,0.0283120812621569,0.971687918737843,0.0280210157618214,0.971978984238179,-0.0361388330472988,-0.103687921374106,0.0314102552795083,0.0344638205749016,0.294361310071085,-3.54936211722635,-9.84934055352407,3.19087630764505,0.02,"overlap",9254,9136,98.7248757294143
"Earring_No+Fur_White",2,272,8982,272,8982,6,127,0.0293926950507888,0.970607304949211,0.0451127819548872,0.954887218045113,-0.0742213049864145,-0.565688239771046,0.417245629798217,0.250748436114608,0.767230788296264,-7.15338030957148,-43.2030886721904,51.7775277987379,0.05,"overlap",9254,133,1.43721633888048
"Earring_No+Eyes_Crazy",2,280,8974,280,8974,26,367,0.0302571860816944,0.969742813918306,0.0661577608142494,0.933842239185751,0.0922828263695073,-0.245353191817008,0.429918844556022,0.172263274584957,0.59216032534983,9.66749468167609,-21.7571857782893,53.713277179366,0.05,"overlap",9254,393,4.24681218932354
"Clothes_Striped.Tee+Earring_No",2,258,8996,258,8996,258,8992,0.0278798357467041,0.972120164253296,0.0278918918918919,0.972108108108108,-0.113874111069646,-0.170864844335175,-0.056883377804118,0.0290769047273104,8.99154076745567e-05,-10.7629711647367,-15.7064506720008,-5.52957635750527,0.02,"overlap",9254,9250,99.9567754484547
"Earring_No+Hat_Seaman.s.Hat",2,272,8982,272,8982,272,8898,0.0293926950507888,0.970607304949211,0.0296619411123228,0.970338058887677,-0.0189489214255575,-0.0911617826707083,0.0532639398195934,0.0368432965536484,0.607034406594558,-1.87705192341178,-8.71299875965568,5.4707987820908,0.02,"overlap",9254,9170,99.0922844175492
"Clothes_Other+Earring_No",2,274,8980,274,8980,274,8973,0.0296088178085152,0.970391182191485,0.0296312317508381,0.970368768249162,0.284444453940049,0.202350780122052,0.366538127758047,0.0418845274581621,1.11237685729293e-11,32.9023489231259,22.4277384969047,44.2731407615675,0.02,"overlap",9254,9247,99.9243570347958
"Earring_No+Eyes_Angry",2,293,8961,293,8961,4,152,0.0316619840069159,0.968338015993084,0.0256410256410256,0.974358974358974,-0.185749019899818,-0.632137292424617,0.260639252624981,0.227749118635101,0.414736890898982,-16.9517996715946,-46.8545287836269,29.775941767586,0.05,"overlap",9254,156,1.68575751026583
"Earring_No+Mouth_Bored.Unshaven.Cigarette",2,287,8967,287,8967,5,118,0.0310136157337368,0.968986384266263,0.040650406504065,0.959349593495935,-0.254177982801741,-0.68182779600984,0.173471830406357,0.218188680208214,0.244040939853094,-22.4446245468334,-49.4308154404222,18.9427180617338,0.05,"overlap",9254,123,1.32915496001729
"Earring_No+Fur_Red",2,299,8955,299,8955,5,183,0.0323103522800951,0.967689647719905,0.0265957446808511,0.973404255319149,0.901903754743608,-0.577944946598212,2.38175245608543,0.755024847623378,0.232268681341923,146.429005222479,-43.894982928758,982.385458288499,0.05,"overlap",9254,188,2.03155392262805
"Earring_No+Eyes_3d",2,300,8954,300,8954,4,174,0.0324184136589583,0.967581586341042,0.0224719101123595,0.97752808988764,-0.0405841828157637,-1.19509735576065,1.11392899012913,0.589037333135148,0.945069879919769,-3.97716736154209,-69.732551435708,204.630380995874,0.05,"overlap",9254,178,1.92349254376486
"Earring_No+Fur_Gray",2,328,8926,328,8926,6,324,0.0354441322671277,0.964555867732872,0.0181818181818182,0.981818181818182,-0.306397924812669,-0.519774757556097,-0.0930210920692402,0.108865730991545,0.0048859705207398,-26.3906348757972,-40.5345525686248,-8.88257184575766,0.05,"overlap",9254,330,3.56602550248541
"Earring_No+Eyes_Coins",2,298,8956,298,8956,3,148,0.0322022909012319,0.967797709098768,0.0198675496688742,0.980132450331126,-0.029703930465048,-0.266539212780487,0.207131351850391,0.120834327711959,0.805818780811731,-2.92671045562256,-23.3974034870769,23.0144142878604,0.05,"overlap",9254,151,1.63172682083423
"Earring_No+Fur_Blue",2,301,8953,301,8953,8,189,0.0325264750378215,0.967473524962179,0.0406091370558376,0.959390862944162,-0.40328468459042,-0.536588834895188,-0.269980534285652,0.0680123215840652,3.03705549598021e-09,-33.1878131753495,-41.5260502821076,-23.6605645791342,0.05,"overlap",9254,197,2.12880916360493
"Earring_No+Fur_Pink",2,314,8940,314,8940,6,179,0.033931272963043,0.966068727036957,0.0324324324324324,0.967567567567568,-0.356377148433058,-0.554034439918116,-0.158719856947999,0.100845556880132,0.000409490796385636,-29.9791512104189,-42.5373169852301,-14.6764646552763,0.05,"overlap",9254,185,1.99913550896909
"Earring_No+Mouth_Dumbfounded",2,337,8917,337,8917,10,283,0.0364166846768965,0.963583315323103,0.0341296928327645,0.965870307167236,-0.15082925365205,-0.357584392475027,0.0559258851709273,0.105487315726009,0.152764932060423,-14.0005472951606,-30.0636324579319,5.75193029696779,0.05,"overlap",9254,293,3.16619840069159
"Earring_No+Eyes_Wide.Eyed",2,367,8887,367,8887,30,780,0.0396585260427923,0.960341473957208,0.037037037037037,0.962962962962963,-0.0881057507269186,-0.349878866331895,0.173667364878058,0.133557712043355,0.509457285130787,-8.43359605346761,-29.5226543657828,18.9659777372327,0.05,"overlap",9254,810,8.75297168791874
"Earring_No+Eyes_Sad",2,366,8888,366,8888,72,1245,0.0395504646639291,0.960449535336071,0.0546697038724374,0.945330296127563,-0.120242758985014,-0.269008455926469,0.0285229379564414,0.0759008657864567,0.113146392776837,-11.3294845055998,-23.5863205863664,2.89336121982171,0.05,"overlap",9254,1317,14.2316835962827
"Earring_No+Hat_Beanie",2,391,8863,391,8863,32,1148,0.042251999135509,0.957748000864491,0.0271186440677966,0.972881355932203,0.202922410031362,-0.140998282131657,0.546843102194382,0.1754697408995,0.247496142422096,22.4977418600606,-13.1509196350756,72.7789942940417,0.05,"overlap",9254,1180,12.7512427058569
"Earring_No+Fur_Cream",2,441,8813,441,8813,152,2980,0.0476550680786687,0.952344931921331,0.0485312899106003,0.9514687100894,-0.0385486917039121,-0.160719687610383,0.0836223042025586,0.0623321407686075,0.536285310182919,-3.7815146820794,-14.8469267729857,8.72181785140615,0.05,"overlap",9254,3132,33.8448238599525
"Earring_No+Fur_Tan",2,423,8831,423,8831,99,2303,0.0457099632591312,0.954290036740869,0.0412156536219817,0.958784346378018,-0.0925743614541101,-0.195100129471813,0.0099514065635929,0.0523090653151546,0.0767675440598723,-8.84185780760268,-17.7247727818986,1.00010864681135,0.05,"overlap",9254,2402,25.9563432029393
"Earring_No+Mouth_Grin",2,451,8803,451,8803,150,3296,0.0487356818673006,0.951264318132699,0.0435287289611143,0.956471271038886,-0.0619593888109098,-0.164566024122108,0.0406472465002881,0.0523503241383663,0.23659001213254,-6.00789426722028,-15.1738250641885,4.14846533828945,0.05,"overlap",9254,3446,37.2379511562568
"Earring_No+Mouth_Bored.Cigarette",2,479,8775,479,8775,261,4629,0.0517614004754701,0.94823859952453,0.0533742331288344,0.946625766871166,0.000372909321482352,-0.0825328072496123,0.083278625892577,0.0422988349852524,0.992965888160451,0.0372978860807116,-7.92187709383466,8.68445894088021,0.05,"overlap",9254,4890,52.842014264102
"Earring_No+Eyes_Closed",2,474,8780,474,8780,227,4417,0.0512210935811541,0.948778906418846,0.0488802756244617,0.951119724375538,-0.0402708902971304,-0.126782349650366,0.0462405690561051,0.0441384996700181,0.361571027428139,-3.94707941354009,-11.907461454864,4.73263349609978,0.05,"overlap",9254,4644,50.1837043440674
"Earring_No+Eyes_Sleepy",2,475,8779,475,8779,235,4248,0.0513291549600173,0.948670845039983,0.0524202542939996,0.947579745706,-0.0457919377590869,-0.122052833654636,0.0304689581364619,0.0389086203548718,0.239231498240691,-4.47593089651985,-11.4898395885198,3.09378873188568,0.05,"overlap",9254,4483,48.44391614437
"Earring_No+Fur_Golden.Brown",2,510,8744,510,8744,346,6285,0.0551113032202291,0.944888696779771,0.0521791584979641,0.947820841502036,-0.0875960041242014,-0.139867567251973,-0.03532444099643,0.0266691648611079,0.0010214810853606,-8.38690849173078,-13.0526625477133,-3.47078149105786,0.05,"overlap",9254,6631,71.6555003241841
"Earring_No+Mouth_Other",2,508,8746,508,8746,334,5208,0.0548951804625027,0.945104819537497,0.0602670516059184,0.939732948394082,0.358537141345585,0.273424625432886,0.443649657258283,0.043424753016683,2.22044604925031e-16,43.1234189104609,31.4458278754281,55.8384421301858,0.05,"overlap",9254,5542,59.8876161659823
"Eyes_Bloodshot+Mouth_Bored",2,194,9060,194,9060,88,4189,0.0209639074994597,0.97903609250054,0.0205751695113397,0.97942483048866,-0.172214338034285,-0.241350713752521,-0.103077962316049,0.0352736610807326,1.04889614549464e-06,-15.8201275653172,-21.4433930753668,-9.79433556851582,0.02,"overlap",9254,4277,46.2178517397882
"Earring_No+Eyes_Bloodshot",2,556,8698,556,8698,464,7340,0.060082126647936,0.939917873352064,0.0594566888774987,0.940543311122501,-0.0515432630178173,-0.10785290179287,0.00476637575723506,0.028729407538292,0.0727981369627497,-5.02374405211762,-10.2240354447603,0.477775299504613,0.05,"overlap",9254,7804,84.3311000648368
"Earring_Silver.Hoop+Mouth_Bored",2,193,9061,193,9061,85,4535,0.0208558461205965,0.979144153879403,0.0183982683982684,0.981601731601732,0.0161443006800181,-0.1376977138968,0.169986315256836,0.0784908237636824,0.837037816355197,1.62753240461582,-12.8637947422016,18.5288630838891,0.02,"overlap",9254,4620,49.9243570347958
"Background_Gray+Hat_No",2,264,8990,264,8990,255,8662,0.0285282040198833,0.971471795980117,0.0285970617920825,0.971402938207917,-0.034230934396121,-0.116395876808933,0.047934008016691,0.0419208889861286,0.414179740732506,-3.36516841972433,-10.987722542462,4.91014207565845,0.02,"overlap",9254,8917,96.3583315323104
"Background_Gray+Mouth_Bored",2,270,8984,270,8984,263,8554,0.0291765722930625,0.970823427706938,0.029828739934218,0.970171260065782,-0.0659162598171649,-0.1361316443504,0.00429912471606998,0.0358241757822627,0.0657691537657672,-6.37907406562856,-12.7272264749684,0.430837921005423,0.02,"overlap",9254,8817,95.2777177436784
"Background_Gray+Earring_No",2,766,8488,766,8488,766,8488,0.0827750162092068,0.917224983790793,0.0827750162092068,0.917224983790793,-0.00412697909280817,-0.0509492824584462,0.0426953242728299,0.0238889302885908,0.862842465322213,-0.411847481760297,-4.96731324474058,4.36198807614254,0.05,"overlap",9254,9254,100
"Background_Blue+Eyes_Bored",2,189,9065,189,9065,92,4416,0.0204236006051437,0.979576399394856,0.0204081632653061,0.979591836734694,-0.0184748355892151,-0.180575270188452,0.143625599010022,0.0827043033669575,0.823236491343237,-1.83052219483735,-16.521015645675,15.4451799704847,0.02,"overlap",9254,4508,48.714069591528
"Background_Blue+Clothes_No",2,209,9045,209,9045,140,6435,0.0225848281824076,0.977415171817592,0.0212927756653992,0.978707224334601,-0.0335802020712551,-0.116972787768631,0.0498123836261212,0.0425472376007022,0.429968722079568,-3.30226454653498,-11.0390598909116,5.1073879206122,0.02,"overlap",9254,6575,71.0503566025503
"Background_Blue+Hat_No",2,246,9008,246,9008,224,8157,0.0265830992003458,0.973416900799654,0.0267271208686314,0.973272879131369,0.00486588478638909,-0.0694813506613742,0.0792131202341524,0.0379322629835527,0.897928767020932,0.48777424286055,-6.71224692287017,8.2434986287568,0.02,"overlap",9254,8381,90.5662416252431
"Background_Blue+Mouth_Bored",2,259,8995,259,8995,1,135,0.0279878971255673,0.972012102874433,0.00735294117647059,0.99264705882353,-0.252814249622086,-2.48717270492633,1.98154420568216,1.13997880372666,0.824492148909047,-22.3387875577632,-91.6855290797805,625.39359098979,0.05,"overlap",9254,136,1.46963475253944
"Background_Blue+Earring_No",2,823,8431,823,8431,822,8431,0.0889345148044089,0.911065485195591,0.0888360531719442,0.911163946828056,-0.00278376862057034,-0.048401116141721,0.0428335789005804,0.0232741568985463,0.904793911477852,-0.277989752961094,-4.72484536031332,4.37641760140666,0.05,"overlap",9254,9253,99.9891938621137
"Eyes_Bored+Fur_Black",2,200,9054,200,9054,110,5066,0.0216122757726389,0.978387724227361,0.0212519319938176,0.978748068006182,-0.0733865284228028,-0.22144709496368,0.0746740381180743,0.0755411053779985,0.331310260787918,-7.07584176826755,-19.8641683082662,7.75328589953044,0.02,"overlap",9254,5176,55.9325696995894
"Clothes_No+Fur_Black",2,209,9045,209,9045,136,6481,0.0225848281824076,0.977415171817592,0.0205531207495844,0.979446879250416,-0.11726606557131,-0.222370244111356,-0.0121618870312631,0.0536245808877789,0.0287573561707717,-11.0651463344766,-19.9381114974434,-1.20882301876376,0.02,"overlap",9254,6617,71.5042143937757
"Fur_Black+Hat_No",2,277,8977,277,8977,274,8853,0.0299330019451048,0.970066998054895,0.0300208173551003,0.9699791826449,-0.0151659369507227,-0.0934319149636962,0.0631000410622508,0.0399316214351906,0.704095608887058,-1.50515133065018,-8.91999728318773,6.5133390977314,0.02,"overlap",9254,9127,98.6276204884374
"Fur_Black+Mouth_Bored",2,252,9002,252,9002,221,8110,0.027231467473525,0.972768532526475,0.0265274276797503,0.97347257232025,-0.11217662124324,-0.177489884284724,-0.0468633582017556,0.0333230933885125,0.000761747542450841,-10.6113635763851,-16.2630530115951,-4.57822252846602,0.02,"overlap",9254,8331,90.0259347309272
"Earring_No+Fur_Black",2,795,8459,795,8459,795,8459,0.0859087961962395,0.91409120380376,0.0859087961962395,0.91409120380376,-0.0850196313379791,-0.128701629481412,-0.041337633194546,0.0222867337466496,0.000136288332941659,-8.15057470466444,-12.0763735407286,-4.04948855252959,0.05,"overlap",9254,9254,100
"Background_New.Punk.Blue+Eyes_Bored",2,189,9065,189,9065,87,3781,0.0204236006051437,0.979576399394856,0.0224922440537746,0.977507755946225,0.0699091235811737,-0.103113130082779,0.242931377245126,0.0882766600326288,0.428400250096397,7.2410719980075,-9.79750784449901,27.4981128398952,0.02,"overlap",9254,3868,41.7981413442836
"Background_New.Punk.Blue+Clothes_No",2,241,9013,241,9013,220,8273,0.0260427923060298,0.97395720769397,0.0259036853879666,0.974096314612033,0.032306102070363,-0.0546269488627571,0.119239153003483,0.0443535974148572,0.466383365103084,3.28336094287736,-5.31616988176774,12.6639325250803,0.02,"overlap",9254,8493,91.7765290685109
"Background_New.Punk.Blue+Hat_No",2,273,8981,273,8981,264,8822,0.029500756429652,0.970499243570348,0.0290556900726392,0.970944309927361,-0.0398456600594732,-0.110392252784682,0.030700932665736,0.0359931595536781,0.268279124554448,-3.90622612187956,-10.4517189229139,3.11770663906321,0.02,"overlap",9254,9086,98.1845688350983
"Background_New.Punk.Blue+Mouth_Bored",2,261,8993,261,8993,1,141,0.0282040198832937,0.971795980116706,0.00704225352112676,0.992957746478873,-0.177366180424378,-13.1112484140104,12.7565160531616,6.59891950693163,0.97855698963805,-16.2526937872742,-99.9997977646072,34680334.5179126,0.05,"overlap",9254,142,1.53447157985736
"Background_New.Punk.Blue+Earring_No",2,808,8446,808,8446,807,8446,0.087313594121461,0.912686405878539,0.0872149573111423,0.912785042688858,-0.0177342330067773,-0.0648926812965917,0.0294242152830371,0.0240604328009257,0.461079534021018,-1.75779069681504,-6.28319663609823,2.98613847608484,0.05,"overlap",9254,9253,99.9891938621137
"Background_Army.Green+Mouth_Bored.Unshaven",2,197,9057,197,9057,95,5327,0.0212880916360493,0.978711908363951,0.0175212098856511,0.982478790114349,-0.00620065456348602,-0.121449258073343,0.109047948946371,0.0588003079131924,0.916016555600554,-0.61814701773758,-11.4364008914752,11.5215822483135,0.02,"overlap",9254,5422,58.590879619624
"Background_Army.Green+Clothes_No",2,205,9049,205,9049,140,5936,0.0221525826669548,0.977847417333045,0.0230414746543779,0.976958525345622,-0.0514376908674196,-0.143927486385638,0.0410521046507985,0.0471886711827643,0.275694108054003,-5.01371667524392,-13.404946101398,4.19063922999066,0.02,"overlap",9254,6076,65.6580937972768
"Background_Army.Green+Hat_No",2,261,8993,261,8993,5,98,0.0282040198832937,0.971795980116706,0.0485436893203883,0.951456310679612,-0.299736569224151,-0.514191705871654,-0.0852814325766478,0.109415886044645,0.00615468314067869,-25.8986599292561,-40.201625392151,-8.17461785057775,0.05,"overlap",9254,103,1.1130322022909
"Background_Army.Green+Mouth_Bored",2,248,9006,248,9006,4,162,0.0267992219580722,0.973200778041928,0.0240963855421687,0.975903614457831,-0.330216808779994,-0.505225483196213,-0.155208134363774,0.0892901400082754,0.00021709534467429,-28.1232118649967,-39.6630489598274,-14.376305339585,0.05,"overlap",9254,166,1.79381888912903
"Background_Army.Green+Earring_No",2,810,8444,810,8444,810,8443,0.0875297168791874,0.912470283120813,0.0875391764833027,0.912460823516697,-0.0180296150564704,-0.0638248175766829,0.0277655874637421,0.0233648992450064,0.440319455866734,-1.78680539654369,-6.18306640863665,2.81546438333347,0.05,"overlap",9254,9253,99.9891938621137
"Background_Aquamarine+Eyes_Bored",2,213,9041,213,9041,136,5800,0.0230170736978604,0.97698292630214,0.022911051212938,0.977088948787062,-0.0662729175123508,-0.160913176945174,0.0283673419204727,0.0482858466493998,0.169904018487377,-6.41245873548989,-14.863401390597,2.87735266615445,0.02,"overlap",9254,5936,64.1452344931921
"Background_Aquamarine+Clothes_No",2,218,9036,218,9036,169,6225,0.0235573805921764,0.976442619407824,0.0264310290897717,0.973568970910228,-0.100571376973298,-0.177962326953002,-0.0231804269935933,0.0394851785610738,0.0108632718470407,-9.56794375555311,-16.3026045746051,-2.29138248527256,0.02,"overlap",9254,6394,69.0944456451264
"Background_Aquamarine+Hat_No",2,244,9010,244,9010,214,8306,0.0263669764426194,0.973633023557381,0.0251173708920188,0.974882629107981,-0.0263594336821274,-0.100717584837762,0.0479987174735069,0.0379378322222624,0.487176883793608,-2.60150563092467,-9.58116466685155,4.91693097361723,0.02,"overlap",9254,8520,92.0682947914415
"Background_Aquamarine+Mouth_Bored",2,283,8971,283,8971,6,122,0.030581370218284,0.969418629781716,0.046875,0.953125,-0.386362188607785,-0.633400763259824,-0.139323613955745,0.126040089108183,0.00217385404081893,-32.0475634879022,-46.9216341347781,-13.0053543913606,0.05,"overlap",9254,128,1.38318564944889
"Background_Aquamarine+Earring_No",2,813,8441,813,8441,813,8441,0.087853901015777,0.912146098984223,0.087853901015777,0.912146098984223,-0.0706250116245267,-0.112956255751002,-0.0282937674980518,0.0215975735339157,0.00107530829589719,-6.8188754993123,-10.6810268824554,-2.78972473422728,0.05,"overlap",9254,9254,100
"Background_Yellow+Eyes_Bored",2,211,9043,211,9043,136,6348,0.022800950940134,0.977199049059866,0.0209747069710056,0.979025293028994,0.00325740250998803,-0.112321449555972,0.118836254575948,0.0589688020744692,0.955947723091829,0.32627136107759,-10.6243086443469,12.6185495468051,0.02,"overlap",9254,6484,70.0669980548952
"Background_Yellow+Clothes_No",2,211,9043,211,9043,141,6364,0.022800950940134,0.977199049059866,0.0216756341275942,0.978324365872406,0.0056623956797861,-0.0844724692058838,0.095797260565456,0.0459871759620765,0.902004246664869,0.567845734372519,-8.10030442554575,10.053591934465,0.02,"overlap",9254,6505,70.2939269505079
"Background_Yellow+Hat_No",2,274,8980,274,8980,7,126,0.0296088178085152,0.970391182191485,0.0526315789473684,0.947368421052632,-0.287086585686905,-0.512135000684908,-0.0620381706889017,0.11482061989694,0.0124086376875765,-24.9553251923261,-40.078511203539,-6.01529885014901,0.05,"overlap",9254,133,1.43721633888048
"Background_Yellow+Mouth_Bored",2,269,8985,269,8985,6,139,0.0290685109141993,0.970931489085801,0.0413793103448276,0.958620689655172,-0.183554123582412,-1.0158583308278,0.648750083662971,0.424645003696624,0.66555746261773,-16.7693172908339,-63.790849788659,91.3148058930193,0.05,"overlap",9254,145,1.56688999351632
"Background_Yellow+Earring_No",2,838,8416,838,8416,838,8416,0.0905554354873568,0.909444564512643,0.0905554354873568,0.909444564512643,-0.0249697031993925,-0.067820021944869,0.017880615546084,0.0218624075232023,0.253400144999514,-2.4660538754111,-6.5571364907529,1.80414308143304,0.05,"overlap",9254,9254,100
"Background_Orange+Mouth_Bored.Unshaven",2,188,9066,188,9066,82,3846,0.0203155392262805,0.97968446077372,0.0208757637474542,0.979124236252546,0.0635724987710097,-0.113180507492302,0.240325505034321,0.0901801052363835,0.480841120847975,6.56367403550215,-10.7010545720022,27.1663015673685,0.02,"overlap",9254,3928,42.4465096174627
"Background_Orange+Eyes_Bored",2,215,9039,215,9039,136,6657,0.0232331964555868,0.976766803544413,0.0200206094509053,0.979979390549095,0.0876699599863455,-0.0522675438544979,0.227607463827189,0.0713966856330834,0.219474152072232,9.16277817201236,-5.09250862880172,25.5592363265046,0.02,"overlap",9254,6793,73.4060946617679
"Background_Orange+Clothes_No",2,222,9032,222,9032,171,6713,0.0239896261076291,0.976010373892371,0.0248402091807089,0.975159790819291,-0.0243692760530253,-0.100379399204044,0.0516408470979937,0.0387806750770505,0.529750383875715,-2.40747426183036,-9.55058114456195,5.2997487488299,0.02,"overlap",9254,6884,74.389453209423
"Background_Orange+Hat_No",2,250,9004,250,9004,8,117,0.0270153447157986,0.972984655284201,0.064,0.936,-0.26086209944559,-0.521528155789749,-0.000196043101430843,0.132992885889877,0.0498237449283603,-22.961285089467,-40.6387278220719,-0.0196023886237739,0.05,"overlap",9254,125,1.35076723578993
"Background_Orange+Mouth_Bored",2,273,8981,273,8981,1,156,0.029500756429652,0.970499243570348,0.00636942675159236,0.993630573248408,0.759382281563107,-52.5565950867621,54.0753596498883,27.2020292695537,0.977728841378058,113.695577572577,-100,3.05232169043694e+25,0.05,"overlap",9254,157,1.69656364815215
"Background_Orange+Earring_No",2,860,8394,860,8394,860,8394,0.0929327858223471,0.907067214177653,0.0929327858223471,0.907067214177653,0.0325106435368586,-0.0150437136958756,0.0800650007695928,0.0242624271595583,0.180258863721966,3.30448883368042,-1.49311223394634,8.3357484456595,0.05,"overlap",9254,9254,100
"Background_Purple+Mouth_Bored.Unshaven",2,212,9042,212,9042,147,6002,0.0229090123189972,0.977090987681003,0.0239063262319076,0.976093673768092,-0.0895709479363941,-0.183640912010332,0.00449901613754411,0.0479948796295603,0.0620049286327709,-8.56766065348866,-16.7765404374937,0.450915190527401,0.02,"overlap",9254,6149,66.4469418629782
"Background_Purple+Eyes_Bored",2,206,9048,206,9048,115,5488,0.022260644045818,0.977739355954182,0.020524718900589,0.979475281099411,-0.0167703074571457,-0.137693729436418,0.104153114522127,0.0616956234588124,0.785757895053296,-1.66304686555159,-12.8634475507523,10.977036386642,0.02,"overlap",9254,5603,60.5467905770478
"Background_Purple+Clothes_No",2,248,9006,248,9006,236,8727,0.0267992219580722,0.973200778041928,0.0263304697088029,0.973669530291197,0.0414685137086731,-0.033039479147322,0.115976506564668,0.0380142820693853,0.275331550107545,4.23403419031201,-3.24996372543074,12.2969489412267,0.02,"overlap",9254,8963,96.855413875081
"Background_Purple+Hat_No",2,276,8978,276,8978,274,8968,0.0298249405662416,0.970175059433758,0.029647262497295,0.970352737502705,0.0424278053079496,-0.033319576286236,0.118175186902135,0.0386466232623396,0.272274401896191,4.33407299919231,-3.27705933890201,12.5441256665491,0.02,"overlap",9254,9242,99.8703263453642
"Background_Purple+Mouth_Bored",2,264,8990,264,8990,2,132,0.0285282040198833,0.971471795980117,0.0149253731343284,0.985074626865672,-0.2401162343119,-0.637654559645605,0.157422091021805,0.202825676190666,0.236470381261869,-21.346356676797,-47.1469391550812,17.0489562783453,0.05,"overlap",9254,134,1.4480224767668
"Background_Purple+Earring_No",2,812,8442,812,8442,812,8442,0.0877458396369138,0.912254160363086,0.0877458396369138,0.912254160363086,0.00676562454898026,-0.0419745217721555,0.055505770870116,0.0248674215924162,0.785569892016752,0.678856308875253,-4.11057888135498,5.7075117298026,0.05,"overlap",9254,9254,100
"Fur_Dark.Brown+Mouth_Bored.Unshaven",2,198,9056,198,9056,94,4451,0.0213961530149125,0.978603846985088,0.0206820682068207,0.979317931793179,0.0371378823184364,-0.114554884749188,0.188830649386061,0.0773942689120533,0.631331829580152,3.78361102222169,-10.8237007113244,20.7836387328042,0.02,"overlap",9254,4545,49.1138966933218
"Eyes_Bored+Fur_Dark.Brown",2,224,9030,224,9030,170,6439,0.0242057488653555,0.975794251134644,0.0257224996217279,0.974277500378272,0.0406488471044789,-0.0732394220054709,0.154537116214429,0.0581062597499744,0.484201785824581,4.14863203889297,-7.06217102276395,16.7117596240552,0.02,"overlap",9254,6609,71.4177652906851
"Clothes_No+Fur_Dark.Brown",2,220,9034,220,9034,5,110,0.0237735033499027,0.976226496650097,0.0434782608695652,0.956521739130435,-0.138108493494565,-0.595422652849666,0.319205665860535,0.233323550691378,0.553905258612277,-12.8995811668785,-44.8670504365035,37.6034299084225,0.05,"overlap",9254,115,1.24270585692673
"Fur_Dark.Brown+Hat_No",2,296,8958,296,8958,15,252,0.0319861681435055,0.968013831856494,0.0561797752808989,0.943820224719101,-0.0112353179754118,-0.565719216415883,0.543248580465059,0.282899948183914,0.96832049351871,-1.11724375047572,-43.2048480226909,72.1590513114443,0.05,"overlap",9254,267,2.88523881564729
"Fur_Dark.Brown+Mouth_Bored",2,303,8951,303,8951,16,291,0.0327425977955479,0.967257402204452,0.0521172638436482,0.947882736156352,-0.0825795305292616,-0.469269435347748,0.304110374289225,0.197290767764534,0.675532145385493,-7.9261791852161,-37.4540960322313,35.5418651204021,0.05,"overlap",9254,307,3.31748433110007
"Earring_No+Fur_Dark.Brown",2,916,8338,916,8338,916,8338,0.098984223038686,0.901015776961314,0.098984223038686,0.901015776961314,-0.0536868151243817,-0.0995772691075628,-0.00779636114120066,0.0234134969301944,0.0218488246178896,-5.22711256225908,-9.477999837555,-0.776604834533412,0.05,"overlap",9254,9254,100
"Fur_Brown+Mouth_Bored.Unshaven",2,210,9044,210,9044,128,5853,0.0226928895612708,0.977307110438729,0.0214011034943989,0.978598896505601,-0.0791274444487467,-0.173865462085495,0.0156105731880014,0.0483357232840552,0.101622405886681,-7.60778318098542,-15.9590042944175,1.57330546911607,0.02,"overlap",9254,5981,64.6315106980765
"Eyes_Bored+Fur_Brown",2,214,9040,214,9040,146,6459,0.0231251350767236,0.976874864923276,0.0221044663133989,0.977895533686601,-0.0788744409310306,-0.163064752861608,0.00531587099954642,0.0429542407809066,0.0663216672763285,-7.58440466782229,-15.0463823264955,0.533002531150606,0.02,"overlap",9254,6605,71.3745407391398
"Clothes_No+Fur_Brown",2,230,9024,230,9024,194,7643,0.0248541171385347,0.975145882861465,0.0247543702947556,0.975245629705244,-0.0535678097828,-0.141498333372665,0.0343627138070649,0.0448625120356454,0.232460787811989,-5.21583341129057,-13.1943377689419,3.49599329134349,0.02,"overlap",9254,7837,84.6877026150854
"Fur_Brown+Hat_No",2,300,8954,300,8954,8,230,0.0324184136589583,0.967581586341042,0.0336134453781513,0.966386554621849,-0.196725577756897,-0.458519267968951,0.0650681124551572,0.133568209291864,0.140792212222305,-17.858398278797,-36.7780900170826,6.72317136808818,0.05,"overlap",9254,238,2.57186081694402
"Fur_Brown+Mouth_Bored",2,276,8978,276,8978,1,136,0.0298249405662416,0.970175059433758,0.0072992700729927,0.992700729927007,-0.1790357407576,-8.30053712549325,7.94246564397805,4.14362315547737,0.965536098976809,-16.3923983127227,-99.9751616621773,281329.100038402,0.05,"overlap",9254,137,1.48044089042576
"Earring_No+Fur_Brown",2,909,8345,909,8345,909,8345,0.0982277933866436,0.901772206613356,0.0982277933866436,0.901772206613356,-0.0614982222887836,-0.104820472339278,-0.0181759722382895,0.0221031888012725,0.00539712078094445,-5.96453825831064,-9.95138297486241,-1.80117855109044,0.05,"overlap",9254,9254,100
"Eyes_Bored+Mouth_Bored.Unshaven",2,239,9015,239,9015,210,7720,0.0258266695483034,0.974173330451697,0.0264817150063052,0.973518284993695,-0.059144377364826,-0.141968232881724,0.0236794781520716,0.0422570691412743,0.16162332528268,-5.74293265372295,-13.2351181249228,2.39620630743465,0.02,"overlap",9254,7930,85.6926734385131
"Clothes_No+Mouth_Bored.Unshaven",2,270,8984,270,8984,269,8958,0.0291765722930625,0.970823427706938,0.0291535710415086,0.970846428958491,-0.0450604783308089,-0.11029908111151,0.0201781244498922,0.0332850014187251,0.175807447669268,-4.40603335505523,-10.4433751710416,2.03830790148254,0.02,"overlap",9254,9227,99.7082342770694
"Hat_No+Mouth_Bored.Unshaven",2,333,8921,333,8921,31,707,0.0359844391614437,0.964015560838556,0.0420054200542005,0.9579945799458,-0.115732773640161,-0.342927412423041,0.111461865142719,0.115915632032082,0.318074533842844,-10.9286786452861,-29.0310275651925,11.7911111811948,0.05,"overlap",9254,738,7.97492976010374
"Earring_No+Mouth_Bored.Unshaven",2,1025,8229,1025,8229,1025,8229,0.110762913334774,0.889237086665226,0.110762913334774,0.889237086665226,-0.0450430393446587,-0.0847954731462857,-0.00529060554303176,0.0202818539804219,0.0263608423464823,-4.40436627865886,-8.12998359583552,-0.527663493803765,0.05,"overlap",9254,9254,100
"Clothes_No+Eyes_Bored",2,303,8951,303,8951,2,181,0.0327425977955479,0.967257402204452,0.0109289617486339,0.989071038251366,-0.494405348520238,-0.868372710236348,-0.120437986804128,0.190799674344954,0.00956342682923417,-39.006650266498,-58.0366140176864,-11.3467937672798,0.05,"overlap",9254,183,1.97752323319646
"Eyes_Bored+Hat_No",2,357,8897,357,8897,25,649,0.0385779122541604,0.96142208774584,0.0370919881305638,0.962908011869436,0.0036330773695801,-0.229114741138105,0.236380895877265,0.118748886993717,0.97559283076918,0.363968499474798,-20.4762718160748,26.6656682602526,0.05,"overlap",9254,674,7.2833369353793
"Eyes_Bored+Mouth_Bored",2,408,8846,408,8846,94,1944,0.0440890425761833,0.955910957423817,0.0461236506378803,0.95387634936212,-0.150126925964897,-0.227815127026602,-0.0724387249031921,0.0396368372763801,0.000152133543859456,-13.9401262832549,-20.3728544699624,-6.98772617249916,0.05,"overlap",9254,2038,22.022909012319
"Earring_No+Eyes_Bored",2,1130,8124,1130,8124,1130,8124,0.12210935811541,0.87789064188459,0.12210935811541,0.87789064188459,-0.0356828388071018,-0.0750866738277691,0.00372099621356555,0.0201039974595241,0.0759123161573421,-3.50537115283754,-7.23369212659277,0.37279277146729,0.05,"overlap",9254,9254,100
"Clothes_No+Hat_No",2,319,8935,319,8935,13,286,0.034471579857359,0.965528420142641,0.0434782608695652,0.956521739130435,0.046530972717568,-0.644029257706095,0.73709120314123,0.352326648175338,0.894930737817184,4.7630526530452,-47.4827898488338,108.984772222159,0.05,"overlap",9254,299,3.23103522800951
"Clothes_No+Mouth_Bored",2,402,8852,402,8852,71,1571,0.0434406743030041,0.956559325696996,0.0432399512789281,0.956760048721072,-0.0399163989653276,-0.166961383888662,0.0871285859580071,0.0648188698588442,0.538016966161421,-3.91302344988252,-15.376771109347,9.10369627319456,0.05,"overlap",9254,1642,17.7436784093365
"Clothes_No+Earring_No",2,1237,8017,1237,8017,1237,8017,0.133671925653771,0.866328074346229,0.133671925653771,0.866328074346229,0.0207987788504363,-0.0159259707345236,0.0575235284353962,0.0187371171351836,0.266985714769391,2.10165808355671,-1.57998230253371,5.92101919201236,0.05,"overlap",9254,9254,100
"Hat_No+Mouth_Bored",2,483,8771,483,8771,252,4562,0.0521936459909228,0.947806354009077,0.0523473203157457,0.947652679684254,-0.0820516705996127,-0.144341949457529,-0.019761391741696,0.0317807545193453,0.00982854628899665,-7.87756427483554,-13.4408291168414,-1.95674152895285,0.05,"overlap",9254,4814,52.0207477847417
"Earring_No+Hat_No",2,1472,7782,1472,7782,1472,7782,0.159066349686622,0.840933650313378,0.159066349686622,0.840933650313378,0.00814320632789698,-0.0282134099193541,0.0444998225751481,0.0185492940036995,0.660658948015405,0.817645241452158,-2.78191283801406,4.55047912119064,0.05,"overlap",9254,9254,100
"Earring_No+Mouth_Bored",2,1500,7754,1500,7754,1500,7754,0.162092068294791,0.837907931705208,0.162092068294791,0.837907931705209,-0.0645576062146223,-0.0994539534652059,-0.0296612589640387,0.0178042588013182,0.000287885164895529,-6.25178920889989,-9.46683637065663,-2.92256810427025,0.05,"overlap",9254,9254,100
"Clothes_Service+Earring_No+Hat_No",3,103,9151,103,9151,103,9151,0.011130322022909,0.988869677977091,0.011130322022909,0.988869677977091,-0.0717264389995783,-0.16153503132493,0.0180821533257735,0.0458207103700774,0.117495802013361,-6.92145124044089,-14.9163274994479,1.82466253004547,0,"overlap",9254,9254,100
"Earring_No+Eyes_Crazy+Hat_No",3,98,9156,98,9156,2,362,0.010590015128593,0.989409984871407,0.0054945054945055,0.994505494505495,-0.318955539457513,-0.68941447570546,0.0515033967904324,0.189009661350993,0.0915054854154866,-27.3092132693987,-49.8130159963319,5.285276260625,0.02,"overlap",9254,364,3.93343419062027
"Earring_No+Eyes_Sad+Mouth_Bored",3,98,9156,98,9156,98,9156,0.010590015128593,0.989409984871407,0.010590015128593,0.989409984871407,-0.127342188742146,-0.23781531234907,-0.0168690651352225,0.0563638385749611,0.0238654266701728,-11.9567652992382,-21.1651724159316,-1.67275791518404,0,"overlap",9254,9254,100
"Earring_No+Fur_Cream+Hat_No",3,102,9152,102,9152,102,9152,0.0110222606440458,0.988977739355954,0.0110222606440458,0.988977739355954,-0.137255862305103,-0.231497031553865,-0.0430146930563403,0.0480822292085523,0.00430901300500675,-12.8252849640372,-20.6654949498323,-4.21026844755933,0,"overlap",9254,9254,100
"Earring_No+Fur_Cream+Mouth_Bored",3,99,9155,99,9155,5,200,0.0106980765074562,0.989301923492544,0.024390243902439,0.975609756097561,0.113473451816707,-0.215371177832573,0.442318081465988,0.167777872270041,0.498830228552581,12.0162150227547,-19.3757874573382,55.6310695299444,0.02,"overlap",9254,205,2.21525826669548
"Earring_No+Fur_Tan+Hat_No",3,105,9149,105,9149,3,247,0.0113464447806354,0.988653555219365,0.012,0.988,-0.298635464752619,-0.531034651954216,-0.0662362775510224,0.118571013878366,0.0117815341125986,-25.8170216744824,-41.2003716660229,-6.40902962877635,0.02,"overlap",9254,250,2.70153447157986
"Earring_No+Fur_Tan+Mouth_Bored",3,95,9159,95,9159,3,154,0.0102658309920035,0.989734169007996,0.0191082802547771,0.980891719745223,-0.178498586411319,-0.410252403591238,0.0532552307686008,0.118241743459143,0.131143684917987,-16.3474760620833,-33.6517236432147,5.46988023552581,0.02,"overlap",9254,157,1.69656364815215
"Earring_No+Hat_No+Mouth_Grin",3,102,9152,102,9152,102,9152,0.0110222606440458,0.988977739355954,0.0110222606440458,0.988977739355954,-0.00882489275520989,-0.113033146361929,0.0953833608515092,0.0531674763299587,0.868170394765769,-0.878606768211554,-10.6878944088383,10.0080502097481,0,"overlap",9254,9254,100
"Clothes_No+Earring_No+Mouth_Bored.Cigarette",3,96,9158,96,9158,96,9158,0.0103738923708667,0.989626107629133,0.0103738923708667,0.989626107629133,-0.058344142099583,-0.157809230196325,0.0411209459971591,0.0507474939269092,0.250269497629204,-5.66747463637761,-14.5987313738128,4.19781210076562,0,"overlap",9254,9254,100
"Earring_No+Hat_No+Mouth_Bored.Cigarette",3,117,9137,117,9137,7,398,0.0126431813269937,0.987356818673006,0.017283950617284,0.982716049382716,-0.298801881407266,-0.410696038691962,-0.186907724122569,0.0570888557574983,1.65899163961925e-07,-25.8293659303937,-33.6811515393726,-17.0479722434644,0.02,"overlap",9254,405,4.37648584395937
"Clothes_No+Earring_No+Eyes_Closed",3,94,9160,94,9160,94,9160,0.0101577696131403,0.98984223038686,0.0101577696131403,0.98984223038686,-0.0456286795452288,-0.166813387991085,0.0755560289006278,0.061828932880539,0.460524994230979,-4.46033453453509,-15.3642462918435,7.8483652278657,0,"overlap",9254,9254,100
"Earring_No+Eyes_Closed+Mouth_Bored",3,96,9158,96,9158,96,9158,0.0103738923708667,0.989626107629133,0.0103738923708667,0.989626107629133,-0.0903541343019529,-0.22848518267188,0.047776914067974,0.0704750246785341,0.199816999638557,-8.63924118093058,-20.4261912170523,4.89366262162445,0,"overlap",9254,9254,100
"Earring_No+Eyes_Sleepy+Hat_No",3,114,9140,114,9140,4,420,0.0123189971904041,0.987681002809596,0.00943396226415094,0.990566037735849,-0.356211575192527,-0.479690442391796,-0.232732707993258,0.0629994220404434,1.56570294507219e-08,-29.967556671734,-38.1025029436294,-20.7634661857137,0.02,"overlap",9254,424,4.58180246379944
"Earring_No+Eyes_Sleepy+Mouth_Bored",3,107,9147,107,9147,3,176,0.0115625675383618,0.988437432461638,0.0167597765363128,0.983240223463687,0.399531628412698,0.198182193901349,0.600881062924047,0.102729303322117,0.000100588030071291,49.1126132946357,21.9184501568495,82.3724909146282,0.02,"overlap",9254,179,1.93429868165118
"Earring_No+Eyes_Bored+Fur_Golden.Brown",3,93,9161,93,9161,93,9161,0.0100497082342771,0.989950291765723,0.0100497082342771,0.989950291765723,-0.121482543234883,-0.203512654699697,-0.0394524317700683,0.0418520976861297,0.00370004334872776,-11.4393486961186,-18.4140120204426,-3.86843190116364,0,"overlap",9254,9254,100
"Clothes_No+Earring_No+Fur_Golden.Brown",3,107,9147,107,9147,107,9147,0.0115625675383618,0.988437432461638,0.0115625675383618,0.988437432461638,0.0257702064717756,-0.0903673713570101,0.141907784300561,0.0592538662391764,0.663626438753755,2.61051290616563,-8.64045052032107,15.2470367775656,0,"overlap",9254,9254,100
"Earring_No+Fur_Golden.Brown+Hat_No",3,101,9153,101,9153,101,9153,0.0109141992651826,0.989085800734817,0.0109141992651826,0.989085800734817,0.0555979920808484,-0.0888346093498017,0.200030593511499,0.0736901027707398,0.450558742268853,5.7172606540397,-8.500310700824,22.1440125731096,0,"overlap",9254,9254,100
"Earring_No+Fur_Golden.Brown+Mouth_Bored",3,115,9139,115,9139,4,548,0.0124270585692673,0.987572941430733,0.0072463768115942,0.992753623188406,-0.0604238002612929,-0.796195579632962,0.675347979110376,0.375393764985545,0.872124024266859,-5.8634501909515,-54.8958343785579,96.4716537343216,0.02,"overlap",9254,552,5.96498811324833
"Clothes_No+Earring_No+Mouth_Other",3,97,9157,97,9157,97,9157,0.0104819537497298,0.98951804625027,0.0104819537497298,0.98951804625027,0.335214722640057,0.191798080755484,0.478631364524631,0.073171756063558,4.62307172321985e-06,39.824058690152,21.142588206859,61.3864098330377,0,"overlap",9254,9254,100
"Earring_No+Hat_No+Mouth_Other",3,116,9138,116,9138,4,409,0.0125351199481305,0.98746488005187,0.00968523002421308,0.990314769975787,0.095549283037986,-0.383853094709913,0.574951660785885,0.244593049871377,0.696058959832408,10.0263045003229,-31.8768503660391,77.7044623897246,0.02,"overlap",9254,413,4.46293494704992
"Clothes_No+Earring_No+Eyes_Bloodshot",3,95,9159,95,9159,95,9159,0.0102658309920035,0.989734169007996,0.0102658309920035,0.989734169007996,0.027764903104642,-0.0927397730706262,0.14826957927991,0.061481977640443,0.651561365552531,2.81539402065887,-8.856935176241,15.9825519151042,0,"overlap",9254,9254,100
"Earring_No+Eyes_Bloodshot+Hat_No",3,110,9144,110,9144,2,209,0.0118867516749514,0.988113248325049,0.00947867298578199,0.990521327014218,-0.123097352595674,-0.536929078040717,0.290734372849369,0.211138635431145,0.559882051325131,-11.5822418611809,-41.545942258445,33.7409284546059,0.02,"overlap",9254,211,2.2800950940134
"Earring_No+Eyes_Bloodshot+Mouth_Bored",3,139,9115,139,9115,13,1134,0.015020531661984,0.984979468338016,0.011333914559721,0.988666085440279,-0.28252959577334,-0.369688304972564,-0.195370886574115,0.0444687291832778,2.10546469148198e-10,-24.6125669864647,-30.9050337349291,-17.7470463685095,0.02,"overlap",9254,1147,12.3946401556084
"Background_Gray+Earring_No+Fur_Black",3,95,9159,95,9159,95,9159,0.0102658309920035,0.989734169007996,0.0102658309920035,0.989734169007996,-0.0635957083764534,-0.204803585802736,0.077612169049829,0.0720448354215727,0.377385388662374,-6.16156962355197,-18.51926595749,8.07034471389776,0,"overlap",9254,9254,100
"Background_Gray+Earring_No+Fur_Dark.Brown",3,100,9154,100,9154,4,262,0.0108061378863194,0.98919386211368,0.0150375939849624,0.984962406015038,-0.296294339774313,-0.47598736588902,-0.116601313659607,0.0916801153646463,0.00123001182156046,-25.6431465987334,-37.8728668591172,-11.0060070661923,0.02,"overlap",9254,266,2.87443267776097
"Background_Gray+Earring_No+Fur_Brown",3,110,9144,110,9144,6,444,0.0118867516749514,0.988113248325049,0.0133333333333333,0.986666666666667,-0.304786295053512,-0.928316767447044,0.31874417734002,0.318127792037516,0.338031263708101,-26.2719081863754,-60.4781604726516,37.5399421556976,0.02,"overlap",9254,450,4.86276204884374
"Background_Gray+Earring_No+Mouth_Bored.Unshaven",3,109,9145,109,9145,3,345,0.0117786902960882,0.988221309703912,0.00862068965517241,0.991379310344828,-0.363580974288794,-0.868892242293344,0.141730293715757,0.257811871430893,0.158463835743491,-30.4817566966097,-58.0584096796615,15.2265833288119,0.02,"overlap",9254,348,3.76053598443916
"Background_Gray+Earring_No+Eyes_Bored",3,130,9124,130,9124,5,603,0.0140479792522153,0.985952020747785,0.00822368421052632,0.991776315789474,0.476889368813509,-0.628848723209115,1.58262746083613,0.564152087766645,0.397931874846539,61.10552012464,-46.6794685319326,386.772879039563,0.02,"overlap",9254,608,6.57013183488221
"Background_Gray+Clothes_No+Earring_No",3,127,9127,127,9127,3,446,0.0137237951156257,0.986276204884374,0.0066815144766147,0.993318485523385,0.245276272296764,-0.939312623773328,1.42986516836686,0.604382089831679,0.684867649396396,27.7974333342077,-60.9103564049722,317.813580906855,0.02,"overlap",9254,449,4.85195591095742
"Background_Gray+Earring_No+Hat_No",3,187,9067,187,9067,79,3845,0.0202074778474173,0.979792522152583,0.0201325178389399,0.97986748216106,-0.0902010122494514,-0.206136715069277,0.0257346905703747,0.0591508687856255,0.127276229651058,-8.62525076292868,-18.6278179357149,2.60686866602118,0.02,"overlap",9254,3924,42.4032850659174
"Background_Gray+Earring_No+Mouth_Bored",3,195,9059,195,9059,97,4955,0.0210719688783229,0.978928031121677,0.019200316706255,0.980799683293745,-0.105728322516095,-0.234768172869799,0.0233115278376086,0.0658366583437265,0.108291768418228,-10.0330965303057,-20.9245853354185,2.35853652185374,0.02,"overlap",9254,5052,54.5926086016858
"Background_Blue+Earring_No+Fur_Black",3,95,9159,95,9159,1,131,0.0102658309920035,0.989734169007996,0.00757575757575758,0.992424242424242,-0.599241501388411,-24.763307805355,23.5648248025782,12.3286052571258,0.961233461921277,-45.0771933130855,-99.9999999982403,1714246923604.74,0.02,"overlap",9254,132,1.42641020099416
"Background_Blue+Earring_No+Fur_Dark.Brown",3,102,9152,102,9152,102,9152,0.0110222606440458,0.988977739355954,0.0110222606440458,0.988977739355954,-0.092909820386801,-0.18484911716136,-0.000970523612242383,0.0469078044768156,0.047626046170429,-8.87243249212639,-16.8770307313538,-0.097005280652307,0,"overlap",9254,9254,100
"Background_Blue+Earring_No+Fur_Brown",3,104,9150,104,9150,104,9150,0.0112383834017722,0.988761616598228,0.0112383834017722,0.988761616598228,-0.0466132107010287,-0.152820288787781,0.0595938673857235,0.0541872847381389,0.389665497332704,-4.55435002361737,-14.1716048798098,6.14053876525473,0,"overlap",9254,9254,100
"Background_Blue+Earring_No+Mouth_Bored.Unshaven",3,118,9136,118,9136,4,387,0.0127512427058569,0.987248757294143,0.010230179028133,0.989769820971867,-0.216218658473484,-0.402681590851589,-0.0297557260953784,0.0951341491725028,0.0230396519590632,-19.4440859717346,-33.147507010822,-2.93173829763151,0.02,"overlap",9254,391,4.2251999135509
"Background_Blue+Earring_No+Eyes_Bored",3,126,9128,126,9128,6,715,0.0136157337367625,0.986384266263237,0.00832177531206657,0.991678224687933,-0.180816353304969,-0.442382343709959,0.0807496371000213,0.133452035920913,0.175444190979351,-16.5411385936379,-35.7496068849922,8.4099444306649,0.02,"overlap",9254,721,7.79122541603631
"Background_Blue+Clothes_No+Earring_No",3,148,9106,148,9106,16,1206,0.0159930840717528,0.984006915928247,0.0130932896890344,0.986906710310966,0.0986980597301445,-0.249414378033929,0.446810497494218,0.177608386614323,0.578411801712454,10.3732987805107,-22.0743000510696,56.3318018532486,0.02,"overlap",9254,1222,13.2051004970823
"Background_Blue+Earring_No+Hat_No",3,175,9079,175,9079,46,2893,0.018910741301059,0.981089258698941,0.0156515821708064,0.984348417829194,0.0467761859937564,-0.185540284154348,0.279092656141861,0.118528811300053,0.693108738940157,4.78874509434486,-16.9344627342328,32.1929823112445,0.02,"overlap",9254,2939,31.7592392478928
"Background_Blue+Earring_No+Mouth_Bored",3,176,9078,176,9078,50,3138,0.0190188026799222,0.980981197320078,0.0156838143036386,0.984316185696361,0.0145152430107845,-0.184590597384731,0.2136210834063,0.101584612446692,0.886378473386752,1.46211007139063,-16.8555390220095,23.8153409024337,0.02,"overlap",9254,3188,34.4499675815863
"Background_Army.Green+Earring_No+Fur_Black",3,106,9148,106,9148,4,179,0.0114545061594986,0.988545493840501,0.0218579234972678,0.978142076502732,-0.425026237431946,-0.569206056890542,-0.280846417973349,0.0735611323768351,7.56548046432215e-09,-34.6247367885372,-43.4025387989751,-24.4855696832802,0.02,"overlap",9254,183,1.97752323319646
"Background_Aquamarine+Earring_No+Fur_Black",3,100,9154,100,9154,100,9154,0.0108061378863194,0.98919386211368,0.0108061378863194,0.98919386211368,-0.213366109114167,-0.301565952153294,-0.12516626607504,0.0449999199179219,2.12165192747804e-06,-19.2139681956665,-26.0340957360604,-11.7649814514256,0,"overlap",9254,9254,100
"Background_Yellow+Earring_No+Fur_Black",3,113,9141,113,9141,4,313,0.012210935811541,0.987789064188459,0.0126182965299685,0.987381703470032,-0.137259992099145,-0.554076962778018,0.279556978579727,0.212661719734119,0.518643271740363,-12.8256449769126,-42.5397604108984,32.2543767313604,0.02,"overlap",9254,317,3.42554570996326
"Background_Purple+Earring_No+Fur_Black",3,103,9151,103,9151,103,9151,0.011130322022909,0.988869677977091,0.011130322022909,0.988869677977091,0.0547190378091382,-0.0916238194139867,0.201061895032263,0.0746647230730229,0.463641788805768,5.62438084072827,-8.75516696603188,22.2700448565008,0,"overlap",9254,9254,100
"Earring_No+Fur_Black+Mouth_Bored.Unshaven",3,119,9135,119,9135,7,452,0.0128593040847201,0.98714069591528,0.0152505446623094,0.984749455337691,-0.0592491850118623,-0.649724772400639,0.531226402376914,0.301263054790192,0.844086359521138,-5.75281099749603,-47.7810522058731,70.1017161412955,0.02,"overlap",9254,459,4.96001728982062
"Earring_No+Eyes_Bored+Fur_Black",3,140,9114,140,9114,13,1262,0.0151285930408472,0.984871406959153,0.0101960784313725,0.989803921568627,0.125247828151008,-0.131521590589987,0.382017246892004,0.1310048054801,0.339044336818698,13.3429313953948,-12.3239654839686,46.5237355705474,0.02,"overlap",9254,1275,13.7778258050573
"Clothes_No+Earring_No+Fur_Black",3,145,9109,145,9109,8,854,0.0156688999351632,0.984331100064837,0.00928074245939675,0.990719257540603,-0.219194533288098,-0.551883186261424,0.113494119685228,0.16973910865986,0.196578388268644,-19.683453946246,-42.4135671173183,12.0185301830836,0.02,"overlap",9254,862,9.31489085800735
"Earring_No+Fur_Black+Hat_No",3,191,9063,191,9063,97,4388,0.0206397233628701,0.97936027663713,0.0216276477146042,0.978372352285396,-0.0042143361597937,-0.128811635731215,0.120382963411627,0.0635700508017454,0.947143469324854,-0.42054683069046,-12.0860451571656,12.7928724310705,0.02,"overlap",9254,4485,48.4655284201426
"Earring_No+Fur_Black+Mouth_Bored",3,177,9077,177,9077,56,3113,0.0191268640587854,0.980873135941215,0.0176711896497318,0.982328810350268,-0.100056855936666,-0.211817068365934,0.0117033564926021,0.057020516545545,0.0793017657486184,-9.52140258805135,-19.0887303663057,1.17721087180156,0.02,"overlap",9254,3169,34.2446509617463
"Background_New.Punk.Blue+Earring_No+Fur_Dark.Brown",3,120,9134,120,9134,14,749,0.0129673654635833,0.987032634536417,0.018348623853211,0.981651376146789,-0.0750706202741832,-0.378851231408396,0.22870999086003,0.154990107721537,0.62813217873845,-7.23220288574459,-31.5352540871448,25.6977451195912,0.02,"overlap",9254,763,8.24508320726173
"Background_New.Punk.Blue+Earring_No+Fur_Brown",3,128,9126,128,9126,4,381,0.0138318564944889,0.986168143505511,0.0103896103896104,0.98961038961039,-0.303479730866836,-0.501353957661434,-0.105605504072237,0.100956238160509,0.00264663481102256,-26.1755147436625,-39.4290001425392,-10.022046256648,0.02,"overlap",9254,385,4.16036308623298
"Background_New.Punk.Blue+Earring_No+Mouth_Bored.Unshaven",3,117,9137,117,9137,2,364,0.0126431813269937,0.987356818673006,0.00546448087431694,0.994535519125683,1.7675465464663,-3.60337951371819,7.13847260665079,2.74026839805331,0.518909820644745,485.646715062352,-97.2768462589514,125850.316242978,0.02,"overlap",9254,366,3.95504646639291
"Background_New.Punk.Blue+Earring_No+Eyes_Bored",3,124,9130,124,9130,7,662,0.0133996109790361,0.986600389020964,0.0104633781763827,0.989536621823617,-0.37724256241706,-0.570627021013841,-0.183858103820279,0.0986655401003985,0.000131598353048989,-31.4250283387936,-43.4829046487945,-16.794613928528,0.02,"overlap",9254,669,7.2293062459477
"Background_New.Punk.Blue+Clothes_No+Earring_No",3,164,9090,164,9090,42,1972,0.0177220661335639,0.982277933866436,0.0208540218470705,0.97914597815293,-0.0761299833791273,-0.252143236321811,0.0998832695635565,0.0898026800727979,0.396578694470824,-7.33042563137211,-22.2866583635636,10.504191852127,0.02,"overlap",9254,2014,21.7635617030473
"Background_New.Punk.Blue+Earring_No+Hat_No",3,181,9073,181,9073,59,3258,0.0195591095742382,0.980440890425762,0.0177871570696412,0.982212842930359,0.00364995104689067,-0.17833848377329,0.185638385867072,0.0928512422551943,0.968643502571945,0.365662022980806,-16.3340820001394,20.3986803004779,0.02,"overlap",9254,3317,35.8439593689215
"Background_New.Punk.Blue+Earring_No+Mouth_Bored",3,187,9067,187,9067,74,3760,0.0202074778474173,0.979792522152583,0.019300991131977,0.980699008868023,-0.0521945950175191,-0.236906166846482,0.132516976811443,0.0942405978719196,0.579685574130546,-5.0855849851528,-21.0934674968228,14.1698398323093,0.02,"overlap",9254,3834,41.4307326561487
"Background_Army.Green+Earring_No+Fur_Dark.Brown",3,117,9137,117,9137,10,542,0.0126431813269937,0.987356818673006,0.0181159420289855,0.981884057971015,-0.0435521394028788,-0.378076862031904,0.290972583226146,0.17067587889236,0.798588292086584,-4.26173645693242,-31.4822165518693,33.7727907263748,0.02,"overlap",9254,552,5.96498811324833
"Background_Army.Green+Earring_No+Fur_Brown",3,101,9153,101,9153,101,9153,0.0109141992651826,0.989085800734817,0.0109141992651826,0.989085800734817,-0.11178935269899,-0.245034107429819,0.02145540203184,0.067982017719811,0.100094446958055,-10.576739465303,-21.7322157342978,2.16872241470178,0,"overlap",9254,9254,100
"Background_Army.Green+Earring_No+Mouth_Bored.Unshaven",3,137,9117,137,9117,11,651,0.0148044089042576,0.985195591095742,0.0166163141993958,0.983383685800604,0.0455072689949091,-0.524983453606188,0.615997991596006,0.291066695204641,0.875759878376084,4.65586120155224,-40.8434847444185,85.1503462723855,0.02,"overlap",9254,662,7.15366328074346
"Background_Army.Green+Earring_No+Eyes_Bored",3,131,9123,131,9123,19,805,0.0141560406310785,0.985843959368922,0.0230582524271845,0.976941747572815,-0.245302230035401,-0.411222947843206,-0.0793815122275969,0.0846534274529614,0.00375881755672425,-21.7531982834746,-33.7160863429843,-7.63125408456924,0.02,"overlap",9254,824,8.90425761832721
"Background_Army.Green+Clothes_No+Earring_No",3,145,9109,145,9109,17,1238,0.0156688999351632,0.984331100064837,0.0135458167330677,0.986454183266932,-0.149378674720264,-0.612483297574715,0.313725948134187,0.236277868803291,0.527245672811947,-13.8757077780255,-45.7996758847774,36.8514641161126,0.02,"overlap",9254,1255,13.5617030473309
"Background_Army.Green+Earring_No+Hat_No",3,182,9072,182,9072,90,3338,0.0196671709531014,0.980332829046899,0.0262543757292882,0.973745624270712,0.0408852831157689,-0.128299481615894,0.210070047847432,0.0863187575161547,0.63574617903759,4.17325943732074,-12.0410081314341,23.3764479475983,0.02,"overlap",9254,3428,37.043440674303
"Background_Army.Green+Earring_No+Mouth_Bored",3,183,9071,183,9071,64,3349,0.0197752323319646,0.980224767668035,0.0187518312335189,0.981248168766481,-0.0277100724692987,-0.141743363600805,0.0863232186622078,0.0581802505772992,0.633875123457297,-2.73296701682363,-13.2156051744772,9.01586309809617,0.02,"overlap",9254,3413,36.8813486060082
"Background_Aquamarine+Earring_No+Fur_Dark.Brown",3,108,9146,108,9146,4,267,0.011670628917225,0.988329371082775,0.014760147601476,0.985239852398524,0.129661649044624,-0.593360797403095,0.852684095492343,0.368889003289653,0.725219038321123,13.844312483308,-44.7532569916571,134.593512287953,0.02,"overlap",9254,271,2.92846336719257
"Background_Aquamarine+Earring_No+Fur_Brown",3,112,9142,112,9142,2,224,0.0121028744326778,0.987897125567322,0.00884955752212389,0.991150442477876,-0.0687056514340354,-1.07403269075962,0.936621387891548,0.512921958839583,0.893442489865199,-6.63985561157582,-65.837194450112,155.134682878994,0.02,"overlap",9254,226,2.44218716230819
"Background_Aquamarine+Earring_No+Mouth_Bored.Unshaven",3,129,9125,129,9125,5,748,0.0139399178733521,0.986060082126648,0.00664010624169987,0.9933598937583,-0.20897412893682,-0.590595083485482,0.172646825611842,0.194704568647276,0.283141798140239,-18.8583772427643,-44.6002488147261,18.8446302160951,0.02,"overlap",9254,753,8.13702182839853
"Background_Aquamarine+Earring_No+Eyes_Bored",3,157,9097,157,9097,43,2077,0.0169656364815215,0.983034363518479,0.0202830188679245,0.979716981132076,-0.0548810888351487,-0.182272614103059,0.0725104364327618,0.0649956761570972,0.39845675265858,-5.34022977032071,-16.6625880092826,7.52040273261365,0.02,"overlap",9254,2120,22.9090123189972
"Background_Aquamarine+Clothes_No+Earring_No",3,158,9096,158,9096,38,2290,0.0170736978603847,0.982926302139615,0.0163230240549828,0.983676975945017,-0.115110130958208,-0.2331834005138,0.00296313859738431,0.0602414640589756,0.0560287054785193,-10.8732017695296,-20.7991694526554,0.296753303192543,0.02,"overlap",9254,2328,25.1566889993516
"Background_Aquamarine+Earring_No+Hat_No",3,170,9084,170,9084,51,2283,0.018370434406743,0.981629565593257,0.0218508997429306,0.978149100257069,-0.0248985026500907,-0.222195917476951,0.17239891217677,0.100661946340235,0.804639132676734,-2.45910915764053,-19.9241533612746,18.8151706874357,0.02,"overlap",9254,2334,25.2215258266695
"Background_Aquamarine+Earring_No+Mouth_Bored",3,198,9056,198,9056,108,4700,0.0213961530149125,0.978603846985088,0.0224625623960067,0.977537437603993,-0.205991123820925,-0.269850163269343,-0.142132084372506,0.0325811425757238,2.57526222569027e-10,-18.6159699956897,-23.6506114805703,-13.2493335155273,0.02,"overlap",9254,4808,51.9559109574238
"Background_Yellow+Earring_No+Fur_Dark.Brown",3,118,9136,118,9136,6,317,0.0127512427058569,0.987248757294143,0.0185758513931889,0.981424148606811,0.137168332112221,-0.925079147324712,1.19941581154915,0.541962999712721,0.800194507833126,14.7021212773994,-60.3499964084028,231.817791520287,0.02,"overlap",9254,323,3.49038253728118
"Background_Yellow+Earring_No+Fur_Brown",3,110,9144,110,9144,7,389,0.0118867516749514,0.988113248325049,0.0176767676767677,0.982323232323232,0.109599192194893,-0.570506272153895,0.789704656543682,0.346992583851423,0.752112898369884,11.5830747146888,-43.476079861929,120.274576362897,0.02,"overlap",9254,396,4.27923060298249
"Background_Yellow+Earring_No+Mouth_Bored.Unshaven",3,132,9122,132,9122,9,622,0.0142641020099416,0.985735897990058,0.0142630744849445,0.985736925515055,-0.242872806298127,-0.447880371177291,-0.0378652414189619,0.104595696366921,0.0202321123101503,-21.5628725486999,-36.1018879981028,-3.71573165371729,0.02,"overlap",9254,631,6.81867300626756
"Background_Yellow+Earring_No+Eyes_Bored",3,154,9100,154,9100,24,1500,0.0166414523449319,0.983358547655068,0.015748031496063,0.984251968503937,0.171066777930857,-0.2479127273261,0.590046283187814,0.213765053702529,0.423562460160682,18.6569983064425,-21.9571949651212,80.4071911664723,0.02,"overlap",9254,1524,16.4685541387508
"Background_Yellow+Clothes_No+Earring_No",3,148,9106,148,9106,29,1488,0.0159930840717528,0.984006915928247,0.019116677653263,0.980883322346737,0.0870258783013108,-0.0836907582350124,0.257742514837634,0.0871003247634302,0.3177243194724,9.09249106365369,-8.02843733931025,29.4005588486117,0.02,"overlap",9254,1517,16.3929111735466
"Background_Yellow+Earring_No+Hat_No",3,199,9055,199,9055,103,4755,0.0215042143937757,0.978495785606224,0.0212021407986826,0.978797859201317,-0.101438495617716,-0.222730170959062,0.0198531797236302,0.0618835078272174,0.101174811368153,-9.64632508970642,-19.9669227353135,2.00515647793509,0.02,"overlap",9254,4858,52.4962178517398
"Background_Yellow+Earring_No+Mouth_Bored",3,184,9070,184,9070,88,3570,0.0198832937108278,0.980116706289172,0.0240568616730454,0.975943138326955,-0.0502625849339216,-0.161286847919594,0.0607616780517511,0.0566450321355473,0.374903647511406,-4.90203212236956,-14.895208523287,6.26456322296982,0.02,"overlap",9254,3658,39.5288523881565
"Background_Orange+Earring_No+Fur_Dark.Brown",3,136,9118,136,9118,25,970,0.0146963475253944,0.985303652474606,0.0251256281407035,0.974874371859296,0.0945666672546387,-0.271718674555547,0.460852009064824,0.186880276433768,0.612836938221752,9.91824401660066,-23.7931379770627,58.5424205507429,0.02,"overlap",9254,995,10.7521071968878
"Background_Orange+Earring_No+Fur_Brown",3,127,9127,127,9127,4,509,0.0137237951156257,0.986276204884374,0.00779727095516569,0.992202729044834,0.550659224137487,-0.921552325980243,2.02287077425522,0.751128341896801,0.463491726797145,73.43959967914,-60.2099110466096,655.999685552279,0.02,"overlap",9254,513,5.54354873568187
"Background_Orange+Earring_No+Mouth_Bored.Unshaven",3,138,9116,138,9116,16,1096,0.0149124702831208,0.985087529716879,0.0143884892086331,0.985611510791367,0.0922454542292298,-0.351644999794361,0.536135908252821,0.226474721440608,0.683780204159304,9.66339624926504,-29.6470169115001,70.9388848770669,0.02,"overlap",9254,1112,12.0164253295872
"Background_Orange+Earring_No+Eyes_Bored",3,160,9094,160,9094,27,1505,0.0172898206181111,0.982710179381889,0.0176240208877285,0.982375979112272,0.128400159199843,-0.268961186066302,0.525761504465988,0.202735380237829,0.526512495788142,13.7007895845968,-23.5827084370534,69.1746630605428,0.02,"overlap",9254,1532,16.5550032418414
"Background_Orange+Clothes_No+Earring_No",3,171,9083,171,9083,55,2731,0.0184784957856062,0.981521504214394,0.0197415649676956,0.980258435032304,-0.0791713931784547,-0.22315379512362,0.0648110087667101,0.0734604091556963,0.28114875827614,-7.61184361232347,-20.0008195005554,6.69573597410829,0.02,"overlap",9254,2786,30.1059001512859
"Background_Orange+Earring_No+Hat_No",3,179,9075,179,9075,64,2864,0.0193429868165118,0.980657013183488,0.0218579234972678,0.978142076502732,-0.0651826515435268,-0.202083143943685,0.071717840856631,0.0698471900000805,0.350707448091523,-6.31036778110943,-18.2973005728261,7.43521630071806,0.02,"overlap",9254,2928,31.6403717311433
"Background_Orange+Earring_No+Mouth_Bored",3,200,9054,200,9054,105,4711,0.0216122757726389,0.978387724227361,0.0218023255813953,0.978197674418605,0.000680752086320925,-0.143099390019477,0.144460894192119,0.0733572153601012,0.992595768788719,0.0680983850610772,-13.3332073527381,15.5416510584187,0.02,"overlap",9254,4816,52.0423600605144
"Background_Purple+Earring_No+Fur_Dark.Brown",3,115,9139,115,9139,2,277,0.0124270585692673,0.987572941430733,0.00716845878136201,0.992831541218638,-0.638018032649272,-0.832169875985504,-0.44386618931304,0.099057062926649,1.18756116052054e-10,-47.1661463250041,-56.4895860756535,-35.8448738500987,0.02,"overlap",9254,279,3.01491247028312
"Background_Purple+Earring_No+Fur_Brown",3,117,9137,117,9137,10,469,0.0126431813269937,0.987356818673006,0.0208768267223382,0.979123173277662,-0.269325038397228,-0.39266987354974,-0.145980203244717,0.0629310383431181,1.87157778348546e-05,-23.6105079889391,-32.4748370782066,-13.5825189127443,0.02,"overlap",9254,479,5.17614004754701
"Background_Purple+Earring_No+Mouth_Bored.Unshaven",3,145,9109,145,9109,14,1129,0.0156688999351632,0.984331100064837,0.0122484689413823,0.987751531058618,-0.116872300626705,-0.412630181196413,0.178885579943002,0.150896877841687,0.438624713603072,-11.030120011133,-33.8092976766325,19.5883903234988,0.02,"overlap",9254,1143,12.3514156040631
"Background_Purple+Earring_No+Eyes_Bored",3,148,9106,148,9106,25,1245,0.0159930840717528,0.984006915928247,0.0196850393700787,0.980314960629921,0.0623461478372253,-0.295311389068005,0.420003684742456,0.18247833515573,0.73260430371184,6.43306967409989,-25.5700215438894,52.1967163665326,0.02,"overlap",9254,1270,13.7237951156257
"Background_Purple+Clothes_No+Earring_No",3,176,9078,176,9078,54,2684,0.0190188026799222,0.980981197320078,0.0197224251278305,0.98027757487217,-0.111064356928309,-0.233981001259828,0.0118522874032101,0.0627125736385302,0.0765596701994393,-10.511884472658,-20.8623149084071,1.1922804080815,0.02,"overlap",9254,2738,29.5872055327426
"Background_Purple+Earring_No+Hat_No",3,199,9055,199,9055,100,4839,0.0215042143937757,0.978495785606224,0.0202470135654991,0.979752986434501,0.0394113991429254,-0.0983718502149391,0.17719464850079,0.0702975762029921,0.575045246808866,4.0198332338228,-9.36881711612405,19.386345424355,0.02,"overlap",9254,4939,53.3715150205317
"Background_Purple+Earring_No+Mouth_Bored",3,177,9077,177,9077,47,2932,0.0191268640587854,0.980873135941215,0.0157771064115475,0.984222893588452,-0.037792720198876,-0.232560564526169,0.156975124128417,0.0993713491465783,0.703709320023528,-3.70874874790037,-20.7498249599725,16.9966509602269,0.02,"overlap",9254,2979,32.1914847633456
"Earring_No+Fur_Dark.Brown+Mouth_Bored.Unshaven",3,151,9103,151,9103,24,1501,0.0163172682083423,0.983682731791658,0.0157377049180328,0.984262295081967,0.007338288325273,-0.357516064644929,0.372192641295475,0.186150180086838,0.968554471476009,0.736527954577038,-30.0588536944334,45.0912460028642,0.02,"overlap",9254,1525,16.4793602766371
"Earring_No+Eyes_Bored+Fur_Dark.Brown",3,161,9093,161,9093,29,1932,0.0173978819969743,0.982602118003026,0.0147883732789393,0.985211626721061,0.0643910121231011,-0.24728819619514,0.376070220441342,0.159020004244001,0.685533395164662,6.65093353220796,-21.9084395807865,45.65494097225,0.02,"overlap",9254,1961,21.1908363950724
"Clothes_No+Earring_No+Fur_Dark.Brown",3,165,9089,165,9089,65,2543,0.0178301275124271,0.982169872487573,0.0249233128834356,0.975076687116564,-0.0124318596901123,-0.153526491223306,0.128662771843082,0.0719870569046909,0.862890574697202,-1.23549033559904,-14.2321957042689,13.7306527705414,0.02,"overlap",9254,2608,28.1824076075211
"Earring_No+Fur_Dark.Brown+Hat_No",3,227,9027,227,9027,178,6959,0.0245299330019451,0.975470066998055,0.0249404511699594,0.975059548830041,-0.0452462726295068,-0.142986847972191,0.0524943027131773,0.0498676404809613,0.364233730670378,-4.42379251922096,-13.3234531455929,5.38965577104622,0.02,"overlap",9254,7137,77.1234060946618
"Earring_No+Fur_Dark.Brown+Mouth_Bored",3,222,9032,222,9032,4,133,0.0239896261076291,0.976010373892371,0.0291970802919708,0.970802919708029,-0.319320097971593,-0.494706935409531,-0.143933260533656,0.0894830803254782,0.000359035051689327,-27.3357084847749,-39.0250422875761,-13.4054461126133,0.05,"overlap",9254,137,1.48044089042576
"Earring_No+Fur_Brown+Mouth_Bored.Unshaven",3,149,9105,149,9105,31,1774,0.016101145450616,0.983898854549384,0.0171745152354571,0.982825484764543,-0.113691921283599,-0.386475514588965,0.159091672021768,0.13917530270682,0.413987152634257,-10.7467116084281,-32.055263828111,17.2445422196658,0.02,"overlap",9254,1805,19.5050788848066
"Earring_No+Eyes_Bored+Fur_Brown",3,152,9102,152,9102,18,1583,0.0164253295872055,0.983574670412794,0.0112429731417864,0.988757026858214,0.0576474038489949,-0.148838021238011,0.264132828936,0.105349706677044,0.584241046963029,5.93414101479239,-13.8291317899286,30.230116809132,0.02,"overlap",9254,1601,17.3006267559974
"Clothes_No+Earring_No+Fur_Brown",3,174,9080,174,9080,42,3176,0.0188026799221958,0.981197320077804,0.0130515848353014,0.986948415164699,-0.0381877466492221,-0.30892936642136,0.232553873122916,0.138133479475581,0.782198309058739,-3.74677882714374,-26.5767370327086,26.1818422626902,0.02,"overlap",9254,3218,34.7741517181759
"Earring_No+Fur_Brown+Hat_No",3,215,9039,215,9039,144,6055,0.0232331964555868,0.976766803544413,0.0232295531537345,0.976770446846266,-0.067261185855391,-0.199883322122769,0.0653609504119873,0.0676643552384583,0.320202601364602,-6.50490265260222,-18.117371358252,6.75442853995785,0.02,"overlap",9254,6199,66.9872487572941
"Earring_No+Fur_Brown+Mouth_Bored",3,190,9064,190,9064,77,4132,0.0205316619840069,0.979468338015993,0.0182941316227132,0.981705868377287,-0.226200192731367,-0.338291155286957,-0.114109230175777,0.057189266609995,7.64415426544041e-05,-20.24415797159,-28.7012332454074,-10.7839500288277,0.02,"overlap",9254,4209,45.4830343635185
"Earring_No+Eyes_Bored+Mouth_Bored.Unshaven",3,176,9078,176,9078,54,3058,0.0190188026799222,0.980981197320078,0.0173521850899743,0.982647814910026,-0.00477048101955621,-0.1832481895905,0.173707227551388,0.0910600553933388,0.958219300767192,-0.475912034744685,-16.7438503004128,18.9707201336623,0.02,"overlap",9254,3112,33.6287011022261
"Clothes_No+Earring_No+Mouth_Bored.Unshaven",3,193,9061,193,9061,89,4516,0.0208558461205965,0.979144153879403,0.0193268186753529,0.980673181324647,0.00321695377075428,-0.152072073397358,0.158505980938867,0.0792290954939349,0.967612243489956,0.322213371959856,-14.1073627231575,17.1758932422783,0.02,"overlap",9254,4605,49.762264966501
"Earring_No+Hat_No+Mouth_Bored.Unshaven",3,234,9020,234,9020,5,121,0.0252863626539875,0.974713637346013,0.0396825396825397,0.96031746031746,-0.0997101416213949,-0.434719292403227,0.235299009160437,0.17092303611318,0.559649092005794,-9.49002692422137,-35.255361530923,26.5287044593016,0.05,"overlap",9254,126,1.36157337367625
"Clothes_No+Earring_No+Eyes_Bored",3,223,9031,223,9031,175,6911,0.0240976874864923,0.975902312513508,0.0246965848151284,0.975303415184872,-0.0302172264157954,-0.10851137238398,0.0480769195523888,0.0399459928409103,0.449378237334789,-2.97652499617672,-10.2831308187903,4.9251360165508,0.02,"overlap",9254,7086,76.5722930624595
"Earring_No+Eyes_Bored+Hat_No",3,250,9004,250,9004,235,8545,0.0270153447157986,0.972984655284201,0.0267653758542141,0.973234624145786,0.0033462452496171,-0.0838173536948076,0.0905098441940418,0.0444712239512371,0.940019637801682,0.335185017833073,-8.04007978461745,9.47322843456335,0.02,"overlap",9254,8780,94.8778906418846
"Earring_No+Eyes_Bored+Mouth_Bored",3,290,8964,290,8964,20,337,0.0313377998703263,0.968662200129674,0.0560224089635854,0.943977591036415,-0.197050973538785,-0.37542732786616,-0.0186746192114099,0.0910083440445791,0.0303726187853075,-17.8851224613107,-31.3004356326266,-1.85013288968919,0.05,"overlap",9254,357,3.85779122541604
"Clothes_No+Earring_No+Hat_No",3,218,9036,218,9036,133,5286,0.0235573805921764,0.976442619407824,0.0245432736667282,0.975456726333272,0.454504861127173,0.317733427624496,0.59127629462985,0.069781343623815,7.35311811439487e-11,57.5393151499158,37.400993931059,80.6292306033626,0.02,"overlap",9254,5419,58.558461205965
"Clothes_No+Earring_No+Mouth_Bored",3,293,8961,293,8961,1,161,0.0316619840069159,0.968338015993084,0.00617283950617284,0.993827160493827,-0.483070279777873,-25.1740872753817,24.207946715826,12.5974576508183,0.969411298039461,-38.3113532793854,-99.9999999988331,3261201826429.83,0.05,"overlap",9254,162,1.75059433758375
"Earring_No+Hat_No+Mouth_Bored",3,332,8922,332,8922,24,504,0.0358763777825805,0.96412362221742,0.0454545454545455,0.954545454545455,-0.170810159357898,-0.281040279191161,-0.0605800395246344,0.0562398570577873,0.00238808579744387,-15.7018409551312,-24.5002075837973,-5.87815686723712,0.05,"overlap",9254,528,5.70564080397666
"Background_Gray+Earring_No+Hat_No+Mouth_Bored",4,48,9206,48,9206,48,9206,0.00518694618543333,0.994813053814567,0.00518694618543333,0.994813053814567,-0.0733771184159596,-0.335135975369954,0.188381738538035,0.133550437221426,0.582707813439614,-7.07496734718854,-28.4759175395623,20.7294298155088,0,"overlap",9254,9254,100
"Earring_No+Fur_Dark.Brown+Hat_No+Mouth_Bored",4,48,9206,48,9206,48,9206,0.00518694618543333,0.994813053814567,0.00518694618543333,0.994813053814567,-0.213014649299539,-0.293337665117356,-0.132691633481723,0.0409811305192941,2.0158342217691e-07,-19.1855701618125,-25.4229722431378,-12.4264902140675,0,"overlap",9254,9254,100
"Clothes_No+Earring_No+Eyes_Bored+Mouth_Bored",4,65,9189,65,9189,65,9189,0.00702398962610763,0.992976010373892,0.00702398962610763,0.992976010373892,-0.0607707661057803,-0.190893603476646,0.069352071265085,0.0663892027402374,0.359996777120707,-5.89610669278015,-17.377950953743,7.18134974622489,0,"overlap",9254,9254,100
"Earring_No+Eyes_Bored+Hat_No+Mouth_Bored",4,61,9193,61,9193,61,9193,0.00659174411065485,0.993408255889345,0.00659174411065485,0.993408255889345,-0.094730663909715,-0.248032867781609,0.058571539962179,0.0782154101387215,0.225837578959238,-9.03821055941928,-21.9665705000655,6.03208382939882,0,"overlap",9254,9254,100
"Clothes_No+Earring_No+Hat_No+Mouth_Bored",4,52,9202,52,9202,52,9202,0.0056191917008861,0.994380808299114,0.0056191917008861,0.994380808299114,0.428054583589218,0.170124290610059,0.685984876568378,0.131597088254673,0.00114287420241621,53.4269824635902,18.5452182739209,98.5726568362262,0,"overlap",9254,9254,100
