K,stub,ATE_pct,CI_lower_pct,CI_upper_pct,kept_pct,n_kept,q_value_bh,combo,combo_short,rank_k,gates_dec,n,mean_pct,lo_pct,hi_pct
1,Mouth_Other,39.1442691439554,31.6767688650698,47.0352576424851,99.8811324832505,9243,0,Mouth_Other,Mouth:Other,1,1,925,35.3471187497928,35.311992434068,35.3874305573454
1,Mouth_Other,39.1442691439554,31.6767688650698,47.0352576424851,99.8811324832505,9243,0,Mouth_Other,Mouth:Other,1,2,924,36.3593282303308,36.3475190622795,36.3702134368587
1,Mouth_Other,39.1442691439554,31.6767688650698,47.0352576424851,99.8811324832505,9243,0,Mouth_Other,Mouth:Other,1,3,924,36.9766705335502,36.9644849107596,36.9873926813458
1,Mouth_Other,39.1442691439554,31.6767688650698,47.0352576424851,99.8811324832505,9243,0,Mouth_Other,Mouth:Other,1,4,924,37.6333784120562,37.6212779633753,37.6455165346256
1,Mouth_Other,39.1442691439554,31.6767688650698,47.0352576424851,99.8811324832505,9243,0,Mouth_Other,Mouth:Other,1,5,925,38.2859434256128,38.2731574134644,38.2970033022646
1,Mouth_Other,39.1442691439554,31.6767688650698,47.0352576424851,99.8811324832505,9243,0,Mouth_Other,Mouth:Other,1,6,924,38.9418068636387,38.9286961035869,38.9553670111301
1,Mouth_Other,39.1442691439554,31.6767688650698,47.0352576424851,99.8811324832505,9243,0,Mouth_Other,Mouth:Other,1,7,924,39.9573769317005,39.9345261820434,39.9780534535812
1,Mouth_Other,39.1442691439554,31.6767688650698,47.0352576424851,99.8811324832505,9243,0,Mouth_Other,Mouth:Other,1,8,924,41.2422721933975,41.2153899277039,41.2673693104413
1,Mouth_Other,39.1442691439554,31.6767688650698,47.0352576424851,99.8811324832505,9243,0,Mouth_Other,Mouth:Other,1,9,924,42.5596207128873,42.532762287104,42.5895754960427
1,Mouth_Other,39.1442691439554,31.6767688650698,47.0352576424851,99.8811324832505,9243,0,Mouth_Other,Mouth:Other,1,10,925,44.5261962297265,44.4723322271828,44.5703910147607
1,Fur_Black,-8.06061883402661,-11.3346413308186,-4.66570105783366,100,9254,9.23244758856967e-05,Fur_Black,Fur:Black,2,1,926,-12.2608043195886,-12.2916729417701,-12.2293412311635
1,Fur_Black,-8.06061883402661,-11.3346413308186,-4.66570105783366,100,9254,9.23244758856967e-05,Fur_Black,Fur:Black,2,2,925,-11.1215886696065,-11.1399644728756,-11.1016252953898
1,Fur_Black,-8.06061883402661,-11.3346413308186,-4.66570105783366,100,9254,9.23244758856967e-05,Fur_Black,Fur:Black,2,3,925,-9.81280774586912,-9.83486793102889,-9.78748937432871
1,Fur_Black,-8.06061883402661,-11.3346413308186,-4.66570105783366,100,9254,9.23244758856967e-05,Fur_Black,Fur:Black,2,4,926,-8.85674961797978,-8.86818473477705,-8.84635973193912
1,Fur_Black,-8.06061883402661,-11.3346413308186,-4.66570105783366,100,9254,9.23244758856967e-05,Fur_Black,Fur:Black,2,5,925,-8.31256714460089,-8.32130247689939,-8.30407510527117
1,Fur_Black,-8.06061883402661,-11.3346413308186,-4.66570105783366,100,9254,9.23244758856967e-05,Fur_Black,Fur:Black,2,6,925,-7.88957562948351,-7.8966603614467,-7.88327547419146
1,Fur_Black,-8.06061883402661,-11.3346413308186,-4.66570105783366,100,9254,9.23244758856967e-05,Fur_Black,Fur:Black,2,7,926,-7.44971541677945,-7.45828977293333,-7.44074275146053
1,Fur_Black,-8.06061883402661,-11.3346413308186,-4.66570105783366,100,9254,9.23244758856967e-05,Fur_Black,Fur:Black,2,8,925,-6.79538298843205,-6.81519282594178,-6.77498116161143
1,Fur_Black,-8.06061883402661,-11.3346413308186,-4.66570105783366,100,9254,9.23244758856967e-05,Fur_Black,Fur:Black,2,9,925,-4.76500691290499,-4.80030378563713,-4.72966325268003
1,Fur_Black,-8.06061883402661,-11.3346413308186,-4.66570105783366,100,9254,9.23244758856967e-05,Fur_Black,Fur:Black,2,10,926,-2.71435587825776,-2.76052492579137,-2.66132868188142
1,Mouth_Bored,-5.52529790288879,-8.3528176025434,-2.61054292286013,100,9254,0.00251797830079591,Mouth_Bored,Mouth:Bored,3,1,926,-8.56497477456953,-8.60652572432057,-8.52787871310208
1,Mouth_Bored,-5.52529790288879,-8.3528176025434,-2.61054292286013,100,9254,0.00251797830079591,Mouth_Bored,Mouth:Bored,3,2,925,-7.40080062920282,-7.41597475807794,-7.3872250929357
1,Mouth_Bored,-5.52529790288879,-8.3528176025434,-2.61054292286013,100,9254,0.00251797830079591,Mouth_Bored,Mouth:Bored,3,3,925,-6.78327004400048,-6.79408381417465,-6.77354084677814
1,Mouth_Bored,-5.52529790288879,-8.3528176025434,-2.61054292286013,100,9254,0.00251797830079591,Mouth_Bored,Mouth:Bored,3,4,926,-6.28191491980129,-6.29132753758278,-6.27237866933896
1,Mouth_Bored,-5.52529790288879,-8.3528176025434,-2.61054292286013,100,9254,0.00251797830079591,Mouth_Bored,Mouth:Bored,3,5,925,-5.7657554387747,-5.77506079530449,-5.757666632925
1,Mouth_Bored,-5.52529790288879,-8.3528176025434,-2.61054292286013,100,9254,0.00251797830079591,Mouth_Bored,Mouth:Bored,3,6,925,-5.25211030929316,-5.26109936844039,-5.24157247125665
1,Mouth_Bored,-5.52529790288879,-8.3528176025434,-2.61054292286013,100,9254,0.00251797830079591,Mouth_Bored,Mouth:Bored,3,7,926,-4.72568470986414,-4.73528378486872,-4.71607855253398
1,Mouth_Bored,-5.52529790288879,-8.3528176025434,-2.61054292286013,100,9254,0.00251797830079591,Mouth_Bored,Mouth:Bored,3,8,925,-4.19679737937499,-4.20720999284908,-4.18586548790028
1,Mouth_Bored,-5.52529790288879,-8.3528176025434,-2.61054292286013,100,9254,0.00251797830079591,Mouth_Bored,Mouth:Bored,3,9,925,-3.55921628114122,-3.57346040252204,-3.54534457415119
1,Mouth_Bored,-5.52529790288879,-8.3528176025434,-2.61054292286013,100,9254,0.00251797830079591,Mouth_Bored,Mouth:Bored,3,10,926,-2.34208030884118,-2.39111022863511,-2.2943024396977
1,Eyes_Sad,-10.5895617903158,-16.2162174609813,-4.58503759811989,69.0188026799222,6387,0.00653628536425561,Eyes_Sad,Eyes:Sad,4,1,639,-12.3373365571586,-12.3623370478528,-12.3154070707581
1,Eyes_Sad,-10.5895617903158,-16.2162174609813,-4.58503759811989,69.0188026799222,6387,0.00653628536425561,Eyes_Sad,Eyes:Sad,4,2,639,-11.8747530717197,-11.8819585303727,-11.8681750192375
1,Eyes_Sad,-10.5895617903158,-16.2162174609813,-4.58503759811989,69.0188026799222,6387,0.00653628536425561,Eyes_Sad,Eyes:Sad,4,3,638,-11.4719612342409,-11.481998818555,-11.4639548706856
1,Eyes_Sad,-10.5895617903158,-16.2162174609813,-4.58503759811989,69.0188026799222,6387,0.00653628536425561,Eyes_Sad,Eyes:Sad,4,4,639,-11.1966268614548,-11.2011913093185,-11.1923808331508
1,Eyes_Sad,-10.5895617903158,-16.2162174609813,-4.58503759811989,69.0188026799222,6387,0.00653628536425561,Eyes_Sad,Eyes:Sad,4,5,639,-10.9654812751255,-10.9714404956281,-10.9595456978953
1,Eyes_Sad,-10.5895617903158,-16.2162174609813,-4.58503759811989,69.0188026799222,6387,0.00653628536425561,Eyes_Sad,Eyes:Sad,4,6,638,-10.5884652588798,-10.5974508076125,-10.5795378675429
1,Eyes_Sad,-10.5895617903158,-16.2162174609813,-4.58503759811989,69.0188026799222,6387,0.00653628536425561,Eyes_Sad,Eyes:Sad,4,7,639,-10.0590599325544,-10.0714404015254,-10.0442026412579
1,Eyes_Sad,-10.5895617903158,-16.2162174609813,-4.58503759811989,69.0188026799222,6387,0.00653628536425561,Eyes_Sad,Eyes:Sad,4,8,638,-9.45925053488474,-9.46702660360432,-9.45153919143401
1,Eyes_Sad,-10.5895617903158,-16.2162174609813,-4.58503759811989,69.0188026799222,6387,0.00653628536425561,Eyes_Sad,Eyes:Sad,4,9,639,-9.20099929805088,-9.2055671894467,-9.1957845868413
1,Eyes_Sad,-10.5895617903158,-16.2162174609813,-4.58503759811989,69.0188026799222,6387,0.00653628536425561,Eyes_Sad,Eyes:Sad,4,10,639,-8.9226709481887,-8.93240935767519,-8.91285015364156
1,Eyes_Wide_Eyed,-8.39728129868599,-13.2899475231441,-3.2285434758357,70.7585908796196,6548,0.0124887682804144,Eyes_Wide.Eyed,Eyes:Wide·Eyed,5,1,655,-9.29644949835847,-9.31295641271691,-9.27810020593131
1,Eyes_Wide_Eyed,-8.39728129868599,-13.2899475231441,-3.2285434758357,70.7585908796196,6548,0.0124887682804144,Eyes_Wide.Eyed,Eyes:Wide·Eyed,5,2,655,-8.91423098678263,-8.91783510577312,-8.91042915889328
1,Eyes_Wide_Eyed,-8.39728129868599,-13.2899475231441,-3.2285434758357,70.7585908796196,6548,0.0124887682804144,Eyes_Wide.Eyed,Eyes:Wide·Eyed,5,3,655,-8.78122626537243,-8.7841024991242,-8.77825669349246
1,Eyes_Wide_Eyed,-8.39728129868599,-13.2899475231441,-3.2285434758357,70.7585908796196,6548,0.0124887682804144,Eyes_Wide.Eyed,Eyes:Wide·Eyed,5,4,654,-8.60924174125862,-8.61464815511715,-8.60343293844634
1,Eyes_Wide_Eyed,-8.39728129868599,-13.2899475231441,-3.2285434758357,70.7585908796196,6548,0.0124887682804144,Eyes_Wide.Eyed,Eyes:Wide·Eyed,5,5,655,-8.31326013419613,-8.31766155632532,-8.30897675899551
1,Eyes_Wide_Eyed,-8.39728129868599,-13.2899475231441,-3.2285434758357,70.7585908796196,6548,0.0124887682804144,Eyes_Wide.Eyed,Eyes:Wide·Eyed,5,6,655,-8.19221201953899,-8.19432769163013,-8.19021472444451
1,Eyes_Wide_Eyed,-8.39728129868599,-13.2899475231441,-3.2285434758357,70.7585908796196,6548,0.0124887682804144,Eyes_Wide.Eyed,Eyes:Wide·Eyed,5,7,654,-8.11658714410268,-8.1180875647898,-8.11512382050934
1,Eyes_Wide_Eyed,-8.39728129868599,-13.2899475231441,-3.2285434758357,70.7585908796196,6548,0.0124887682804144,Eyes_Wide.Eyed,Eyes:Wide·Eyed,5,8,655,-8.05021100124878,-8.05158717524317,-8.04869354434067
1,Eyes_Wide_Eyed,-8.39728129868599,-13.2899475231441,-3.2285434758357,70.7585908796196,6548,0.0124887682804144,Eyes_Wide.Eyed,Eyes:Wide·Eyed,5,9,655,-7.97680757929983,-7.9787682063196,-7.97481377389655
1,Eyes_Wide_Eyed,-8.39728129868599,-13.2899475231441,-3.2285434758357,70.7585908796196,6548,0.0124887682804144,Eyes_Wide.Eyed,Eyes:Wide·Eyed,5,10,655,-7.83993201678405,-7.84612712133404,-7.8343872150762
2,Clothes_Other_Earring_No,32.9023489231259,22.4277384969047,44.2731407615675,99.9243570347958,9247,9.86307480133064e-10,Clothes_Other+Earring_No,Cl:Other+Ear:No,1,1,925,31.1142892648004,31.1034626609138,31.1256073231667
2,Clothes_Other_Earring_No,32.9023489231259,22.4277384969047,44.2731407615675,99.9243570347958,9247,9.86307480133064e-10,Clothes_Other+Earring_No,Cl:Other+Ear:No,1,2,925,31.4569489674957,31.4528252272805,31.4611998484902
2,Clothes_Other_Earring_No,32.9023489231259,22.4277384969047,44.2731407615675,99.9243570347958,9247,9.86307480133064e-10,Clothes_Other+Earring_No,Cl:Other+Ear:No,1,3,924,31.7034145733939,31.6982146049865,31.708359701964
2,Clothes_Other_Earring_No,32.9023489231259,22.4277384969047,44.2731407615675,99.9243570347958,9247,9.86307480133064e-10,Clothes_Other+Earring_No,Cl:Other+Ear:No,1,4,925,32.6390328427775,32.6023959444471,32.6765447132123
2,Clothes_Other_Earring_No,32.9023489231259,22.4277384969047,44.2731407615675,99.9243570347958,9247,9.86307480133064e-10,Clothes_Other+Earring_No,Cl:Other+Ear:No,1,5,925,33.4447178217252,33.4406517454788,33.4490271199586
2,Clothes_Other_Earring_No,32.9023489231259,22.4277384969047,44.2731407615675,99.9243570347958,9247,9.86307480133064e-10,Clothes_Other+Earring_No,Cl:Other+Ear:No,1,6,924,33.6097309252978,33.6072229794665,33.6125802396395
2,Clothes_Other_Earring_No,32.9023489231259,22.4277384969047,44.2731407615675,99.9243570347958,9247,9.86307480133064e-10,Clothes_Other+Earring_No,Cl:Other+Ear:No,1,7,925,33.7328405593234,33.7309449004448,33.7347605151123
2,Clothes_Other_Earring_No,32.9023489231259,22.4277384969047,44.2731407615675,99.9243570347958,9247,9.86307480133064e-10,Clothes_Other+Earring_No,Cl:Other+Ear:No,1,8,924,33.8448875812268,33.8428148531029,33.8472687121431
2,Clothes_Other_Earring_No,32.9023489231259,22.4277384969047,44.2731407615675,99.9243570347958,9247,9.86307480133064e-10,Clothes_Other+Earring_No,Cl:Other+Ear:No,1,9,925,33.9831935312222,33.9803005547917,33.9864548499123
2,Clothes_Other_Earring_No,32.9023489231259,22.4277384969047,44.2731407615675,99.9243570347958,9247,9.86307480133064e-10,Clothes_Other+Earring_No,Cl:Other+Ear:No,1,10,925,34.2275388162232,34.2193324006416,34.2372257218187
2,Clothes_Striped_Tee_Earring_No,-10.7629711647367,-15.7064506720008,-5.52957635750527,99.9567754484547,9250,0.0011958749220716,Clothes_Striped.Tee+Earring_No,Cl:Striped·Tee+Ear:No,2,1,925,-11.7804982439669,-11.7871926132303,-11.7742283864269
2,Clothes_Striped_Tee_Earring_No,-10.7629711647367,-15.7064506720008,-5.52957635750527,99.9567754484547,9250,0.0011958749220716,Clothes_Striped.Tee+Earring_No,Cl:Striped·Tee+Ear:No,2,2,925,-11.6041723851758,-11.6063420105937,-11.6019064799051
2,Clothes_Striped_Tee_Earring_No,-10.7629711647367,-15.7064506720008,-5.52957635750527,99.9567754484547,9250,0.0011958749220716,Clothes_Striped.Tee+Earring_No,Cl:Striped·Tee+Ear:No,2,3,925,-11.4713939812092,-11.4744378521186,-11.4682956416385
2,Clothes_Striped_Tee_Earring_No,-10.7629711647367,-15.7064506720008,-5.52957635750527,99.9567754484547,9250,0.0011958749220716,Clothes_Striped.Tee+Earring_No,Cl:Striped·Tee+Ear:No,2,4,925,-10.8742285485958,-10.9020360111668,-10.8491113669544
2,Clothes_Striped_Tee_Earring_No,-10.7629711647367,-15.7064506720008,-5.52957635750527,99.9567754484547,9250,0.0011958749220716,Clothes_Striped.Tee+Earring_No,Cl:Striped·Tee+Ear:No,2,5,925,-10.4138324548908,-10.4152720871526,-10.4123612827356
2,Clothes_Striped_Tee_Earring_No,-10.7629711647367,-15.7064506720008,-5.52957635750527,99.9567754484547,9250,0.0011958749220716,Clothes_Striped.Tee+Earring_No,Cl:Striped·Tee+Ear:No,2,6,925,-10.3471986566887,-10.3482689597574,-10.3461316430712
2,Clothes_Striped_Tee_Earring_No,-10.7629711647367,-15.7064506720008,-5.52957635750527,99.9567754484547,9250,0.0011958749220716,Clothes_Striped.Tee+Earring_No,Cl:Striped·Tee+Ear:No,2,7,925,-10.294331559015,-10.2952154712417,-10.2934490959577
2,Clothes_Striped_Tee_Earring_No,-10.7629711647367,-15.7064506720008,-5.52957635750527,99.9567754484547,9250,0.0011958749220716,Clothes_Striped.Tee+Earring_No,Cl:Striped·Tee+Ear:No,2,8,925,-10.2433790563031,-10.2443083922013,-10.2423788919938
2,Clothes_Striped_Tee_Earring_No,-10.7629711647367,-15.7064506720008,-5.52957635750527,99.9567754484547,9250,0.0011958749220716,Clothes_Striped.Tee+Earring_No,Cl:Striped·Tee+Ear:No,2,9,925,-10.1840046852936,-10.185368501888,-10.1827139890701
2,Clothes_Striped_Tee_Earring_No,-10.7629711647367,-15.7064506720008,-5.52957635750527,99.9567754484547,9250,0.0011958749220716,Clothes_Striped.Tee+Earring_No,Cl:Striped·Tee+Ear:No,2,10,925,-10.0779091453659,-10.0818185581782,-10.0739053434643
2,Earring_No_Fur_Black,-8.15057470466444,-12.0763735407286,-4.04948855252959,100,9254,0.00157620419836875,Earring_No+Fur_Black,Ear:No+Fur:Black,3,1,926,-12.9604649158768,-12.9853239820932,-12.9370076064006
2,Earring_No_Fur_Black,-8.15057470466444,-12.0763735407286,-4.04948855252959,100,9254,0.00157620419836875,Earring_No+Fur_Black,Ear:No+Fur:Black,3,2,925,-11.663755380825,-11.6903221690019,-11.6420938210044
2,Earring_No_Fur_Black,-8.15057470466444,-12.0763735407286,-4.04948855252959,100,9254,0.00157620419836875,Earring_No+Fur_Black,Ear:No+Fur:Black,3,3,925,-9.62164894789949,-9.66518470077669,-9.58122880500068
2,Earring_No_Fur_Black,-8.15057470466444,-12.0763735407286,-4.04948855252959,100,9254,0.00157620419836875,Earring_No+Fur_Black,Ear:No+Fur:Black,3,4,926,-8.63386295725963,-8.64163294166152,-8.62669851632973
2,Earring_No_Fur_Black,-8.15057470466444,-12.0763735407286,-4.04948855252959,100,9254,0.00157620419836875,Earring_No+Fur_Black,Ear:No+Fur:Black,3,5,925,-8.25465036427432,-8.26143231370012,-8.24754515982407
2,Earring_No_Fur_Black,-8.15057470466444,-12.0763735407286,-4.04948855252959,100,9254,0.00157620419836875,Earring_No+Fur_Black,Ear:No+Fur:Black,3,6,925,-7.85759779912794,-7.8646591537327,-7.85022295446785
2,Earring_No_Fur_Black,-8.15057470466444,-12.0763735407286,-4.04948855252959,100,9254,0.00157620419836875,Earring_No+Fur_Black,Ear:No+Fur:Black,3,7,926,-7.44306759792563,-7.45098252802786,-7.43486911625215
2,Earring_No_Fur_Black,-8.15057470466444,-12.0763735407286,-4.04948855252959,100,9254,0.00157620419836875,Earring_No+Fur_Black,Ear:No+Fur:Black,3,8,925,-6.53863683467163,-6.5739181409132,-6.50154300953707
2,Earring_No_Fur_Black,-8.15057470466444,-12.0763735407286,-4.04948855252959,100,9254,0.00157620419836875,Earring_No+Fur_Black,Ear:No+Fur:Black,3,9,925,-4.82241989536179,-4.84800842269216,-4.79535200517356
2,Earring_No_Fur_Black,-8.15057470466444,-12.0763735407286,-4.04948855252959,100,9254,0.00157620419836875,Earring_No+Fur_Black,Ear:No+Fur:Black,3,10,926,-2.91478042064704,-2.96477737343073,-2.8584272763402
2,Earring_No_Mouth_Bored,-6.25178920889989,-9.46683637065663,-2.92256810427025,100,9254,0.0028362019948967,Earring_No+Mouth_Bored,Ear:No+Mouth:Bored,4,1,926,-9.48364101235971,-9.51179309805352,-9.451248453223
2,Earring_No_Mouth_Bored,-6.25178920889989,-9.46683637065663,-2.92256810427025,100,9254,0.0028362019948967,Earring_No+Mouth_Bored,Ear:No+Mouth:Bored,4,2,925,-8.3795900276052,-8.39591053426889,-8.3621348794218
2,Earring_No_Mouth_Bored,-6.25178920889989,-9.46683637065663,-2.92256810427025,100,9254,0.0028362019948967,Earring_No+Mouth_Bored,Ear:No+Mouth:Bored,4,3,925,-7.72941959604645,-7.73993494208499,-7.71938900088679
2,Earring_No_Mouth_Bored,-6.25178920889989,-9.46683637065663,-2.92256810427025,100,9254,0.0028362019948967,Earring_No+Mouth_Bored,Ear:No+Mouth:Bored,4,4,926,-7.1732761348116,-7.18502119040026,-7.16328421483744
2,Earring_No_Mouth_Bored,-6.25178920889989,-9.46683637065663,-2.92256810427025,100,9254,0.0028362019948967,Earring_No+Mouth_Bored,Ear:No+Mouth:Bored,4,5,925,-6.57532916389468,-6.58584414626579,-6.56461718592653
2,Earring_No_Mouth_Bored,-6.25178920889989,-9.46683637065663,-2.92256810427025,100,9254,0.0028362019948967,Earring_No+Mouth_Bored,Ear:No+Mouth:Bored,4,6,925,-6.05126272394583,-6.05912130423891,-6.04219405632406
2,Earring_No_Mouth_Bored,-6.25178920889989,-9.46683637065663,-2.92256810427025,100,9254,0.0028362019948967,Earring_No+Mouth_Bored,Ear:No+Mouth:Bored,4,7,926,-5.55788315559867,-5.56760381301815,-5.54788793409716
2,Earring_No_Mouth_Bored,-6.25178920889989,-9.46683637065663,-2.92256810427025,100,9254,0.0028362019948967,Earring_No+Mouth_Bored,Ear:No+Mouth:Bored,4,8,925,-4.97674506546362,-4.98736837010861,-4.96518392432747
2,Earring_No_Mouth_Bored,-6.25178920889989,-9.46683637065663,-2.92256810427025,100,9254,0.0028362019948967,Earring_No+Mouth_Bored,Ear:No+Mouth:Bored,4,9,925,-4.18010343041478,-4.19776745687121,-4.16511212578278
2,Earring_No_Mouth_Bored,-6.25178920889989,-9.46683637065663,-2.92256810427025,100,9254,0.0028362019948967,Earring_No+Mouth_Bored,Ear:No+Mouth:Bored,4,10,926,-2.73538148723813,-2.78044729692953,-2.68506046313224
2,Fur_Black_Mouth_Bored,-10.6113635763851,-16.2630530115951,-4.57822252846602,90.0259347309272,8331,0.00653628536425561,Fur_Black+Mouth_Bored,Fur:Black+Mouth:Bored,5,1,834,-11.0492396710285,-11.055528365347,-11.0440957622175
2,Fur_Black_Mouth_Bored,-10.6113635763851,-16.2630530115951,-4.57822252846602,90.0259347309272,8331,0.00653628536425561,Fur_Black+Mouth_Bored,Fur:Black+Mouth:Bored,5,2,833,-10.9208609773772,-10.9223265397795,-10.9194201994947
2,Fur_Black_Mouth_Bored,-10.6113635763851,-16.2630530115951,-4.57822252846602,90.0259347309272,8331,0.00653628536425561,Fur_Black+Mouth_Bored,Fur:Black+Mouth:Bored,5,3,833,-10.8559074568395,-10.8570116132624,-10.8546698547364
2,Fur_Black_Mouth_Bored,-10.6113635763851,-16.2630530115951,-4.57822252846602,90.0259347309272,8331,0.00653628536425561,Fur_Black+Mouth_Bored,Fur:Black+Mouth:Bored,5,4,833,-10.8030703256266,-10.8040446822498,-10.8020665323122
2,Fur_Black_Mouth_Bored,-10.6113635763851,-16.2630530115951,-4.57822252846602,90.0259347309272,8331,0.00653628536425561,Fur_Black+Mouth_Bored,Fur:Black+Mouth:Bored,5,5,833,-10.7588356892523,-10.7597279522245,-10.7580382663515
2,Fur_Black_Mouth_Bored,-10.6113635763851,-16.2630530115951,-4.57822252846602,90.0259347309272,8331,0.00653628536425561,Fur_Black+Mouth_Bored,Fur:Black+Mouth:Bored,5,6,833,-10.7161871927504,-10.7169821291448,-10.7154056134814
2,Fur_Black_Mouth_Bored,-10.6113635763851,-16.2630530115951,-4.57822252846602,90.0259347309272,8331,0.00653628536425561,Fur_Black+Mouth_Bored,Fur:Black+Mouth:Bored,5,7,833,-10.6753641973443,-10.676118592187,-10.674496198152
2,Fur_Black_Mouth_Bored,-10.6113635763851,-16.2630530115951,-4.57822252846602,90.0259347309272,8331,0.00653628536425561,Fur_Black+Mouth_Bored,Fur:Black+Mouth:Bored,5,8,833,-10.6304163393202,-10.631378975251,-10.6294940065332
2,Fur_Black_Mouth_Bored,-10.6113635763851,-16.2630530115951,-4.57822252846602,90.0259347309272,8331,0.00653628536425561,Fur_Black+Mouth_Bored,Fur:Black+Mouth:Bored,5,9,833,-10.5744275261973,-10.575636078476,-10.573152784067
2,Fur_Black_Mouth_Bored,-10.6113635763851,-16.2630530115951,-4.57822252846602,90.0259347309272,8331,0.00653628536425561,Fur_Black+Mouth_Bored,Fur:Black+Mouth:Bored,5,10,833,-10.4661191465454,-10.4703420282514,-10.4618679200798
3,Background_Aquamarine_Earring_No_Fur_Black,-19.2139681956665,-26.0340957360604,-11.7649814514256,100,9254,4.03113866220828e-05,Background_Aquamarine+Earring_No+Fur_Black,BG:Aquamarine+Ear:No+Fur:Black,1,1,926,-19.4331169094136,-19.4391808467834,-19.4272964088947
3,Background_Aquamarine_Earring_No_Fur_Black,-19.2139681956665,-26.0340957360604,-11.7649814514256,100,9254,4.03113866220828e-05,Background_Aquamarine+Earring_No+Fur_Black,BG:Aquamarine+Ear:No+Fur:Black,1,2,925,-19.310036848294,-19.311413601088,-19.3085277947376
3,Background_Aquamarine_Earring_No_Fur_Black,-19.2139681956665,-26.0340957360604,-11.7649814514256,100,9254,4.03113866220828e-05,Background_Aquamarine+Earring_No+Fur_Black,BG:Aquamarine+Ear:No+Fur:Black,1,3,925,-19.2482048508439,-19.2492358274016,-19.2472554912254
3,Background_Aquamarine_Earring_No_Fur_Black,-19.2139681956665,-26.0340957360604,-11.7649814514256,100,9254,4.03113866220828e-05,Background_Aquamarine+Earring_No+Fur_Black,BG:Aquamarine+Ear:No+Fur:Black,1,4,926,-19.1990361705108,-19.1998193280068,-19.1982013974471
3,Background_Aquamarine_Earring_No_Fur_Black,-19.2139681956665,-26.0340957360604,-11.7649814514256,100,9254,4.03113866220828e-05,Background_Aquamarine+Earring_No+Fur_Black,BG:Aquamarine+Ear:No+Fur:Black,1,5,925,-19.1570860313704,-19.1579514982452,-19.156340788187
3,Background_Aquamarine_Earring_No_Fur_Black,-19.2139681956665,-26.0340957360604,-11.7649814514256,100,9254,4.03113866220828e-05,Background_Aquamarine+Earring_No+Fur_Black,BG:Aquamarine+Ear:No+Fur:Black,1,6,925,-19.1151074845617,-19.1158906278837,-19.1143500548036
3,Background_Aquamarine_Earring_No_Fur_Black,-19.2139681956665,-26.0340957360604,-11.7649814514256,100,9254,4.03113866220828e-05,Background_Aquamarine+Earring_No+Fur_Black,BG:Aquamarine+Ear:No+Fur:Black,1,7,926,-19.0716364000857,-19.0725361130884,-19.070829656575
3,Background_Aquamarine_Earring_No_Fur_Black,-19.2139681956665,-26.0340957360604,-11.7649814514256,100,9254,4.03113866220828e-05,Background_Aquamarine+Earring_No+Fur_Black,BG:Aquamarine+Ear:No+Fur:Black,1,8,925,-19.0263336085148,-19.0270914915697,-19.0254871163816
3,Background_Aquamarine_Earring_No_Fur_Black,-19.2139681956665,-26.0340957360604,-11.7649814514256,100,9254,4.03113866220828e-05,Background_Aquamarine+Earring_No+Fur_Black,BG:Aquamarine+Ear:No+Fur:Black,1,9,925,-18.9693176891213,-18.9705022325385,-18.9678986437027
3,Background_Aquamarine_Earring_No_Fur_Black,-19.2139681956665,-26.0340957360604,-11.7649814514256,100,9254,4.03113866220828e-05,Background_Aquamarine+Earring_No+Fur_Black,BG:Aquamarine+Ear:No+Fur:Black,1,10,926,-18.8522679539856,-18.8574397531515,-18.8465228988337
3,Clothes_No_Earring_No_Mouth_Other,39.824058690152,21.142588206859,61.3864098330377,100,9254,8.19824718917654e-05,Clothes_No+Earring_No+Mouth_Other,Cl:No+Ear:No+Mouth:Other,2,1,926,39.2901503344075,39.2735732030705,39.3058432789421
3,Clothes_No_Earring_No_Mouth_Other,39.824058690152,21.142588206859,61.3864098330377,100,9254,8.19824718917654e-05,Clothes_No+Earring_No+Mouth_Other,Cl:No+Ear:No+Mouth:Other,2,2,925,39.6269189719666,39.6231618153505,39.6303576583383
3,Clothes_No_Earring_No_Mouth_Other,39.824058690152,21.142588206859,61.3864098330377,100,9254,8.19824718917654e-05,Clothes_No+Earring_No+Mouth_Other,Cl:No+Ear:No+Mouth:Other,2,3,925,39.8019924466186,39.7990268517819,39.8049791146655
3,Clothes_No_Earring_No_Mouth_Other,39.824058690152,21.142588206859,61.3864098330377,100,9254,8.19824718917654e-05,Clothes_No+Earring_No+Mouth_Other,Cl:No+Ear:No+Mouth:Other,2,4,926,39.9397820238434,39.9373537473565,39.9424309596814
3,Clothes_No_Earring_No_Mouth_Other,39.824058690152,21.142588206859,61.3864098330377,100,9254,8.19824718917654e-05,Clothes_No+Earring_No+Mouth_Other,Cl:No+Ear:No+Mouth:Other,2,5,925,40.0603846781569,40.0584843593114,40.0625531548458
3,Clothes_No_Earring_No_Mouth_Other,39.824058690152,21.142588206859,61.3864098330377,100,9254,8.19824718917654e-05,Clothes_No+Earring_No+Mouth_Other,Cl:No+Ear:No+Mouth:Other,2,6,925,40.1760595195577,40.1737110517457,40.1781968160454
3,Clothes_No_Earring_No_Mouth_Other,39.824058690152,21.142588206859,61.3864098330377,100,9254,8.19824718917654e-05,Clothes_No+Earring_No+Mouth_Other,Cl:No+Ear:No+Mouth:Other,2,7,926,40.3005357592197,40.2982094392676,40.3029163171264
3,Clothes_No_Earring_No_Mouth_Other,39.824058690152,21.142588206859,61.3864098330377,100,9254,8.19824718917654e-05,Clothes_No+Earring_No+Mouth_Other,Cl:No+Ear:No+Mouth:Other,2,8,925,40.4353770161742,40.4324785144101,40.4382121831174
3,Clothes_No_Earring_No_Mouth_Other,39.824058690152,21.142588206859,61.3864098330377,100,9254,8.19824718917654e-05,Clothes_No+Earring_No+Mouth_Other,Cl:No+Ear:No+Mouth:Other,2,9,925,40.6090967650372,40.6048383221314,40.6131001596818
3,Clothes_No_Earring_No_Mouth_Other,39.824058690152,21.142588206859,61.3864098330377,100,9254,8.19824718917654e-05,Clothes_No+Earring_No+Mouth_Other,Cl:No+Ear:No+Mouth:Other,2,10,926,40.9517853337235,40.937888305968,40.9652926492284
3,Earring_No_Eyes_Bored_Fur_Golden_Brown,-11.4393486961186,-18.4140120204426,-3.86843190116364,100,9254,0.0232522202346198,Earring_No+Eyes_Bored+Fur_Golden.Brown,Ear:No+Eyes:Bored+Fur:Golden·Brown,3,1,926,-11.8059474701364,-11.8131019005275,-11.799927740586
3,Earring_No_Eyes_Bored_Fur_Golden_Brown,-11.4393486961186,-18.4140120204426,-3.86843190116364,100,9254,0.0232522202346198,Earring_No+Eyes_Bored+Fur_Golden.Brown,Ear:No+Eyes:Bored+Fur:Golden·Brown,3,2,925,-11.6772725332737,-11.6785995087275,-11.6760907280193
3,Earring_No_Eyes_Bored_Fur_Golden_Brown,-11.4393486961186,-18.4140120204426,-3.86843190116364,100,9254,0.0232522202346198,Earring_No+Eyes_Bored+Fur_Golden.Brown,Ear:No+Eyes:Bored+Fur:Golden·Brown,3,3,925,-11.6145709613374,-11.6156187504621,-11.6135842261243
3,Earring_No_Eyes_Bored_Fur_Golden_Brown,-11.4393486961186,-18.4140120204426,-3.86843190116364,100,9254,0.0232522202346198,Earring_No+Eyes_Bored+Fur_Golden.Brown,Ear:No+Eyes:Bored+Fur:Golden·Brown,3,4,926,-11.5651661309268,-11.566072259474,-11.5643061201463
3,Earring_No_Eyes_Bored_Fur_Golden_Brown,-11.4393486961186,-18.4140120204426,-3.86843190116364,100,9254,0.0232522202346198,Earring_No+Eyes_Bored+Fur_Golden.Brown,Ear:No+Eyes:Bored+Fur:Golden·Brown,3,5,925,-11.5229665226125,-11.5237703998359,-11.5221878704193
3,Earring_No_Eyes_Bored_Fur_Golden_Brown,-11.4393486961186,-18.4140120204426,-3.86843190116364,100,9254,0.0232522202346198,Earring_No+Eyes_Bored+Fur_Golden.Brown,Ear:No+Eyes:Bored+Fur:Golden·Brown,3,6,925,-11.4813379609695,-11.4821250214612,-11.4804702929124
3,Earring_No_Eyes_Bored_Fur_Golden_Brown,-11.4393486961186,-18.4140120204426,-3.86843190116364,100,9254,0.0232522202346198,Earring_No+Eyes_Bored+Fur_Golden.Brown,Ear:No+Eyes:Bored+Fur:Golden·Brown,3,7,926,-11.4377874111688,-11.4386525169345,-11.4369550230544
3,Earring_No_Eyes_Bored_Fur_Golden_Brown,-11.4393486961186,-18.4140120204426,-3.86843190116364,100,9254,0.0232522202346198,Earring_No+Eyes_Bored+Fur_Golden.Brown,Ear:No+Eyes:Bored+Fur:Golden·Brown,3,8,925,-11.3887990450048,-11.3896924848144,-11.3877947707262
3,Earring_No_Eyes_Bored_Fur_Golden_Brown,-11.4393486961186,-18.4140120204426,-3.86843190116364,100,9254,0.0232522202346198,Earring_No+Eyes_Bored+Fur_Golden.Brown,Ear:No+Eyes:Bored+Fur:Golden·Brown,3,9,925,-11.327284894277,-11.3287966204101,-11.3258259935041
3,Earring_No_Eyes_Bored_Fur_Golden_Brown,-11.4393486961186,-18.4140120204426,-3.86843190116364,100,9254,0.0232522202346198,Earring_No+Eyes_Bored+Fur_Golden.Brown,Ear:No+Eyes:Bored+Fur:Golden·Brown,3,10,926,-11.2072998902225,-11.2113281764048,-11.2027235409035
3,Earring_No_Fur_Cream_Hat_No,-12.8252849640372,-20.6654949498323,-4.21026844755933,100,9254,0.0260499422575408,Earring_No+Fur_Cream+Hat_No,Ear:No+Fur:Cream+Hat:No,4,1,926,-13.2856147912998,-13.2938997498986,-13.278317359322
3,Earring_No_Fur_Cream_Hat_No,-12.8252849640372,-20.6654949498323,-4.21026844755933,100,9254,0.0260499422575408,Earring_No+Fur_Cream+Hat_No,Ear:No+Fur:Cream+Hat:No,4,2,925,-13.140688480345,-13.1423516481554,-13.1391036802995
3,Earring_No_Fur_Cream_Hat_No,-12.8252849640372,-20.6654949498323,-4.21026844755933,100,9254,0.0260499422575408,Earring_No+Fur_Cream+Hat_No,Ear:No+Fur:Cream+Hat:No,4,3,925,-13.0701471848903,-13.0711786290629,-13.0691355058049
3,Earring_No_Fur_Cream_Hat_No,-12.8252849640372,-20.6654949498323,-4.21026844755933,100,9254,0.0260499422575408,Earring_No+Fur_Cream+Hat_No,Ear:No+Fur:Cream+Hat:No,4,4,926,-13.0140596135219,-13.0149890829718,-13.013108309843
3,Earring_No_Fur_Cream_Hat_No,-12.8252849640372,-20.6654949498323,-4.21026844755933,100,9254,0.0260499422575408,Earring_No+Fur_Cream+Hat_No,Ear:No+Fur:Cream+Hat:No,4,5,925,-12.9650601879922,-12.9658834326431,-12.9641833773616
3,Earring_No_Fur_Cream_Hat_No,-12.8252849640372,-20.6654949498323,-4.21026844755933,100,9254,0.0260499422575408,Earring_No+Fur_Cream+Hat_No,Ear:No+Fur:Cream+Hat:No,4,6,925,-12.9188547658753,-12.9197753061337,-12.9180376733403
3,Earring_No_Fur_Cream_Hat_No,-12.8252849640372,-20.6654949498323,-4.21026844755933,100,9254,0.0260499422575408,Earring_No+Fur_Cream+Hat_No,Ear:No+Fur:Cream+Hat:No,4,7,926,-12.8689556446273,-12.8699237256518,-12.8680138401202
3,Earring_No_Fur_Cream_Hat_No,-12.8252849640372,-20.6654949498323,-4.21026844755933,100,9254,0.0260499422575408,Earring_No+Fur_Cream+Hat_No,Ear:No+Fur:Cream+Hat:No,4,8,925,-12.8113879195701,-12.8125266806622,-12.8102629062107
3,Earring_No_Fur_Cream_Hat_No,-12.8252849640372,-20.6654949498323,-4.21026844755933,100,9254,0.0260499422575408,Earring_No+Fur_Cream+Hat_No,Ear:No+Fur:Cream+Hat:No,4,9,925,-12.7417688573027,-12.7433429884637,-12.7400599730199
3,Earring_No_Fur_Cream_Hat_No,-12.8252849640372,-20.6654949498323,-4.21026844755933,100,9254,0.0260499422575408,Earring_No+Fur_Cream+Hat_No,Ear:No+Fur:Cream+Hat:No,4,10,926,-12.6037466567963,-12.6088110504737,-12.5977649938756
3,Earring_No_Eyes_Sad_Mouth_Bored,-11.9567652992382,-21.1651724159316,-1.67275791518404,100,9254,0.104068909742065,Earring_No+Eyes_Sad+Mouth_Bored,Ear:No+Eyes:Sad+Mouth:Bored,5,1,926,-12.660602630736,-12.668817551485,-12.6526832932127
3,Earring_No_Eyes_Sad_Mouth_Bored,-11.9567652992382,-21.1651724159316,-1.67275791518404,100,9254,0.104068909742065,Earring_No+Eyes_Sad+Mouth_Bored,Ear:No+Eyes:Sad+Mouth:Bored,5,2,925,-12.5017060750817,-12.5035774457365,-12.4999396976428
3,Earring_No_Eyes_Sad_Mouth_Bored,-11.9567652992382,-21.1651724159316,-1.67275791518404,100,9254,0.104068909742065,Earring_No+Eyes_Sad+Mouth_Bored,Ear:No+Eyes:Sad+Mouth:Bored,5,3,925,-12.4217398735263,-12.4229848791579,-12.4205150255155
3,Earring_No_Eyes_Sad_Mouth_Bored,-11.9567652992382,-21.1651724159316,-1.67275791518404,100,9254,0.104068909742065,Earring_No+Eyes_Sad+Mouth_Bored,Ear:No+Eyes:Sad+Mouth:Bored,5,4,926,-12.3595525904766,-12.360665965548,-12.358503166767
3,Earring_No_Eyes_Sad_Mouth_Bored,-11.9567652992382,-21.1651724159316,-1.67275791518404,100,9254,0.104068909742065,Earring_No+Eyes_Sad+Mouth_Bored,Ear:No+Eyes:Sad+Mouth:Bored,5,5,925,-12.3004579677167,-12.3015113764809,-12.2994337735074
3,Earring_No_Eyes_Sad_Mouth_Bored,-11.9567652992382,-21.1651724159316,-1.67275791518404,100,9254,0.104068909742065,Earring_No+Eyes_Sad+Mouth_Bored,Ear:No+Eyes:Sad+Mouth:Bored,5,6,925,-12.2461281520311,-12.2471047727425,-12.2451880200955
3,Earring_No_Eyes_Sad_Mouth_Bored,-11.9567652992382,-21.1651724159316,-1.67275791518404,100,9254,0.104068909742065,Earring_No+Eyes_Sad+Mouth_Bored,Ear:No+Eyes:Sad+Mouth:Bored,5,7,926,-12.1895350337118,-12.1906757153971,-12.1884324433065
3,Earring_No_Eyes_Sad_Mouth_Bored,-11.9567652992382,-21.1651724159316,-1.67275791518404,100,9254,0.104068909742065,Earring_No+Eyes_Sad+Mouth_Bored,Ear:No+Eyes:Sad+Mouth:Bored,5,8,925,-12.1241799631456,-12.1255333057955,-12.1231065797926
3,Earring_No_Eyes_Sad_Mouth_Bored,-11.9567652992382,-21.1651724159316,-1.67275791518404,100,9254,0.104068909742065,Earring_No+Eyes_Sad+Mouth_Bored,Ear:No+Eyes:Sad+Mouth:Bored,5,9,925,-12.0396203139701,-12.0415214297037,-12.0380682931062
3,Earring_No_Eyes_Sad_Mouth_Bored,-11.9567652992382,-21.1651724159316,-1.67275791518404,100,9254,0.104068909742065,Earring_No+Eyes_Sad+Mouth_Bored,Ear:No+Eyes:Sad+Mouth:Bored,5,10,926,-11.8920384324048,-11.8978356287862,-11.8860698265966
4,Earring_No_Fur_Dark_Brown_Hat_No_Mouth_Bored,-19.1855701618125,-25.4229722431378,-12.4264902140675,100,9254,4.4684325249215e-06,Earring_No+Fur_Dark.Brown+Hat_No+Mouth_Bored,Ear:No+Fur:Dark·Brown+Hat:No+Mouth:Bored,1,1,926,-19.6291369916372,-19.6346206567702,-19.6240289158074
4,Earring_No_Fur_Dark_Brown_Hat_No_Mouth_Bored,-19.1855701618125,-25.4229722431378,-12.4264902140675,100,9254,4.4684325249215e-06,Earring_No+Fur_Dark.Brown+Hat_No+Mouth_Bored,Ear:No+Fur:Dark·Brown+Hat:No+Mouth:Bored,1,2,925,-19.520276455746,-19.5213754009728,-19.5190599069435
4,Earring_No_Fur_Dark_Brown_Hat_No_Mouth_Bored,-19.1855701618125,-25.4229722431378,-12.4264902140675,100,9254,4.4684325249215e-06,Earring_No+Fur_Dark.Brown+Hat_No+Mouth_Bored,Ear:No+Fur:Dark·Brown+Hat:No+Mouth:Bored,1,3,925,-19.4669994939512,-19.467825012706,-19.466106681485
4,Earring_No_Fur_Dark_Brown_Hat_No_Mouth_Bored,-19.1855701618125,-25.4229722431378,-12.4264902140675,100,9254,4.4684325249215e-06,Earring_No+Fur_Dark.Brown+Hat_No+Mouth_Bored,Ear:No+Fur:Dark·Brown+Hat:No+Mouth:Bored,1,4,926,-19.4242824411888,-19.4250260354774,-19.4235996395878
4,Earring_No_Fur_Dark_Brown_Hat_No_Mouth_Bored,-19.1855701618125,-25.4229722431378,-12.4264902140675,100,9254,4.4684325249215e-06,Earring_No+Fur_Dark.Brown+Hat_No+Mouth_Bored,Ear:No+Fur:Dark·Brown+Hat:No+Mouth:Bored,1,5,925,-19.3872674978707,-19.3878593979129,-19.3865966436379
4,Earring_No_Fur_Dark_Brown_Hat_No_Mouth_Bored,-19.1855701618125,-25.4229722431378,-12.4264902140675,100,9254,4.4684325249215e-06,Earring_No+Fur_Dark.Brown+Hat_No+Mouth_Bored,Ear:No+Fur:Dark·Brown+Hat:No+Mouth:Bored,1,6,925,-19.3494099928006,-19.3501625435507,-19.3486816291062
4,Earring_No_Fur_Dark_Brown_Hat_No_Mouth_Bored,-19.1855701618125,-25.4229722431378,-12.4264902140675,100,9254,4.4684325249215e-06,Earring_No+Fur_Dark.Brown+Hat_No+Mouth_Bored,Ear:No+Fur:Dark·Brown+Hat:No+Mouth:Bored,1,7,926,-19.3099084967996,-19.3105484775546,-19.3092464761012
4,Earring_No_Fur_Dark_Brown_Hat_No_Mouth_Bored,-19.1855701618125,-25.4229722431378,-12.4264902140675,100,9254,4.4684325249215e-06,Earring_No+Fur_Dark.Brown+Hat_No+Mouth_Bored,Ear:No+Fur:Dark·Brown+Hat:No+Mouth:Bored,1,8,925,-19.2675743612347,-19.2684446840049,-19.2666730617753
4,Earring_No_Fur_Dark_Brown_Hat_No_Mouth_Bored,-19.1855701618125,-25.4229722431378,-12.4264902140675,100,9254,4.4684325249215e-06,Earring_No+Fur_Dark.Brown+Hat_No+Mouth_Bored,Ear:No+Fur:Dark·Brown+Hat:No+Mouth:Bored,1,9,925,-19.2133046721712,-19.2145055532114,-19.2122356172156
4,Earring_No_Fur_Dark_Brown_Hat_No_Mouth_Bored,-19.1855701618125,-25.4229722431378,-12.4264902140675,100,9254,4.4684325249215e-06,Earring_No+Fur_Dark.Brown+Hat_No+Mouth_Bored,Ear:No+Fur:Dark·Brown+Hat:No+Mouth:Bored,1,10,926,-19.1041340586502,-19.1085637440193,-19.0989246579929
4,Clothes_No_Earring_No_Hat_No_Mouth_Bored,53.4269824635902,18.5452182739209,98.5726568362262,100,9254,0.00894130993655035,Clothes_No+Earring_No+Hat_No+Mouth_Bored,Cl:No+Ear:No+Hat:No+Mouth:Bored,2,1,926,50.4773768431172,50.441174261346,50.505790080413
4,Clothes_No_Earring_No_Hat_No_Mouth_Bored,53.4269824635902,18.5452182739209,98.5726568362262,100,9254,0.00894130993655035,Clothes_No+Earring_No+Hat_No+Mouth_Bored,Cl:No+Ear:No+Hat:No+Mouth:Bored,2,2,925,51.1098656998845,51.103587734221,51.117819119274
4,Clothes_No_Earring_No_Hat_No_Mouth_Bored,53.4269824635902,18.5452182739209,98.5726568362262,100,9254,0.00894130993655035,Clothes_No+Earring_No+Hat_No+Mouth_Bored,Cl:No+Ear:No+Hat:No+Mouth:Bored,2,3,925,51.4279216342101,51.4233566768641,51.4329904494087
4,Clothes_No_Earring_No_Hat_No_Mouth_Bored,53.4269824635902,18.5452182739209,98.5726568362262,100,9254,0.00894130993655035,Clothes_No+Earring_No+Hat_No+Mouth_Bored,Cl:No+Ear:No+Hat:No+Mouth:Bored,2,4,926,51.6900719542242,51.6855959669808,51.6945738516237
4,Clothes_No_Earring_No_Hat_No_Mouth_Bored,53.4269824635902,18.5452182739209,98.5726568362262,100,9254,0.00894130993655035,Clothes_No+Earring_No+Hat_No+Mouth_Bored,Cl:No+Ear:No+Hat:No+Mouth:Bored,2,5,925,51.9247299553113,51.9201075171319,51.9288087805666
4,Clothes_No_Earring_No_Hat_No_Mouth_Bored,53.4269824635902,18.5452182739209,98.5726568362262,100,9254,0.00894130993655035,Clothes_No+Earring_No+Hat_No+Mouth_Bored,Cl:No+Ear:No+Hat:No+Mouth:Bored,2,6,925,52.14871589227,52.144798101249,52.1525817568821
4,Clothes_No_Earring_No_Hat_No_Mouth_Bored,53.4269824635902,18.5452182739209,98.5726568362262,100,9254,0.00894130993655035,Clothes_No+Earring_No+Hat_No+Mouth_Bored,Cl:No+Ear:No+Hat:No+Mouth:Bored,2,7,926,52.3761879519574,52.3717943944284,52.3805329919426
4,Clothes_No_Earring_No_Hat_No_Mouth_Bored,53.4269824635902,18.5452182739209,98.5726568362262,100,9254,0.00894130993655035,Clothes_No+Earring_No+Hat_No+Mouth_Bored,Cl:No+Ear:No+Hat:No+Mouth:Bored,2,8,925,52.6347183397189,52.6290321748837,52.6402876318965
4,Clothes_No_Earring_No_Hat_No_Mouth_Bored,53.4269824635902,18.5452182739209,98.5726568362262,100,9254,0.00894130993655035,Clothes_No+Earring_No+Hat_No+Mouth_Bored,Cl:No+Ear:No+Hat:No+Mouth:Bored,2,9,925,52.9523976394467,52.9458736423042,52.9587325688412
4,Clothes_No_Earring_No_Hat_No_Mouth_Bored,53.4269824635902,18.5452182739209,98.5726568362262,100,9254,0.00894130993655035,Clothes_No+Earring_No+Hat_No+Mouth_Bored,Cl:No+Ear:No+Hat:No+Mouth:Bored,2,10,926,53.5835104060804,53.5544263421029,53.6154206690537
4,Earring_No_Eyes_Bored_Hat_No_Mouth_Bored,-9.03821055941928,-21.9665705000655,6.03208382939882,100,9254,0.551126568836305,Earring_No+Eyes_Bored+Hat_No+Mouth_Bored,Ear:No+Eyes:Bored+Hat:No+Mouth:Bored,3,1,926,-9.21972599097057,-9.23022016500963,-9.21041638615392
4,Earring_No_Eyes_Bored_Hat_No_Mouth_Bored,-9.03821055941928,-21.9665705000655,6.03208382939882,100,9254,0.551126568836305,Earring_No+Eyes_Bored+Hat_No+Mouth_Bored,Ear:No+Eyes:Bored+Hat:No+Mouth:Bored,3,2,925,-8.98470917394707,-8.98715485721138,-8.98208606577991
4,Earring_No_Eyes_Bored_Hat_No_Mouth_Bored,-9.03821055941928,-21.9665705000655,6.03208382939882,100,9254,0.551126568836305,Earring_No+Eyes_Bored+Hat_No+Mouth_Bored,Ear:No+Eyes:Bored+Hat:No+Mouth:Bored,3,3,925,-8.87237733280607,-8.87396412459447,-8.87044801206811
4,Earring_No_Eyes_Bored_Hat_No_Mouth_Bored,-9.03821055941928,-21.9665705000655,6.03208382939882,100,9254,0.551126568836305,Earring_No+Eyes_Bored+Hat_No+Mouth_Bored,Ear:No+Eyes:Bored+Hat:No+Mouth:Bored,3,4,926,-8.78342508594544,-8.78493378558179,-8.78176139559431
4,Earring_No_Eyes_Bored_Hat_No_Mouth_Bored,-9.03821055941928,-21.9665705000655,6.03208382939882,100,9254,0.551126568836305,Earring_No+Eyes_Bored+Hat_No+Mouth_Bored,Ear:No+Eyes:Bored+Hat:No+Mouth:Bored,3,5,925,-8.70098452311525,-8.70242012398125,-8.69971730578344
4,Earring_No_Eyes_Bored_Hat_No_Mouth_Bored,-9.03821055941928,-21.9665705000655,6.03208382939882,100,9254,0.551126568836305,Earring_No+Eyes_Bored+Hat_No+Mouth_Bored,Ear:No+Eyes:Bored+Hat:No+Mouth:Bored,3,6,925,-8.621077744131,-8.6224552395575,-8.61980365244859
4,Earring_No_Eyes_Bored_Hat_No_Mouth_Bored,-9.03821055941928,-21.9665705000655,6.03208382939882,100,9254,0.551126568836305,Earring_No+Eyes_Bored+Hat_No+Mouth_Bored,Ear:No+Eyes:Bored+Hat:No+Mouth:Bored,3,7,926,-8.54130357136424,-8.54282753030676,-8.5398012895348
4,Earring_No_Eyes_Bored_Hat_No_Mouth_Bored,-9.03821055941928,-21.9665705000655,6.03208382939882,100,9254,0.551126568836305,Earring_No+Eyes_Bored+Hat_No+Mouth_Bored,Ear:No+Eyes:Bored+Hat:No+Mouth:Bored,3,8,925,-8.44784245330469,-8.44963570760275,-8.44596755070393
4,Earring_No_Eyes_Bored_Hat_No_Mouth_Bored,-9.03821055941928,-21.9665705000655,6.03208382939882,100,9254,0.551126568836305,Earring_No+Eyes_Bored+Hat_No+Mouth_Bored,Ear:No+Eyes:Bored+Hat:No+Mouth:Bored,3,9,925,-8.33281052827733,-8.33512446449948,-8.33034674707399
4,Earring_No_Eyes_Bored_Hat_No_Mouth_Bored,-9.03821055941928,-21.9665705000655,6.03208382939882,100,9254,0.551126568836305,Earring_No+Eyes_Bored+Hat_No+Mouth_Bored,Ear:No+Eyes:Bored+Hat:No+Mouth:Bored,3,10,926,-8.10866550296143,-8.11871052972365,-8.097751707556
4,Clothes_No_Earring_No_Eyes_Bored_Mouth_Bored,-5.89610669278015,-17.377950953743,7.18134974622489,100,9254,0.691927289898453,Clothes_No+Earring_No+Eyes_Bored+Mouth_Bored,Cl:No+Ear:No+Eyes:Bored+Mouth:Bored,4,1,926,-6.66648504480586,-6.67587560577237,-6.65768467149689
4,Clothes_No_Earring_No_Eyes_Bored_Mouth_Bored,-5.89610669278015,-17.377950953743,7.18134974622489,100,9254,0.691927289898453,Clothes_No+Earring_No+Eyes_Bored+Mouth_Bored,Cl:No+Ear:No+Eyes:Bored+Mouth:Bored,4,2,925,-6.47110321639139,-6.47323580450903,-6.46925628786154
4,Clothes_No_Earring_No_Eyes_Bored_Mouth_Bored,-5.89610669278015,-17.377950953743,7.18134974622489,100,9254,0.691927289898453,Clothes_No+Earring_No+Eyes_Bored+Mouth_Bored,Cl:No+Ear:No+Eyes:Bored+Mouth:Bored,4,3,925,-6.37453564673076,-6.37616126943236,-6.37281570955145
4,Clothes_No_Earring_No_Eyes_Bored_Mouth_Bored,-5.89610669278015,-17.377950953743,7.18134974622489,100,9254,0.691927289898453,Clothes_No+Earring_No+Eyes_Bored+Mouth_Bored,Cl:No+Ear:No+Eyes:Bored+Mouth:Bored,4,4,926,-6.29859679932851,-6.3000898388278,-6.29722237061461
4,Clothes_No_Earring_No_Eyes_Bored_Mouth_Bored,-5.89610669278015,-17.377950953743,7.18134974622489,100,9254,0.691927289898453,Clothes_No+Earring_No+Eyes_Bored+Mouth_Bored,Cl:No+Ear:No+Eyes:Bored+Mouth:Bored,4,5,925,-6.22667994462974,-6.2279046699372,-6.22560410312171
4,Clothes_No_Earring_No_Eyes_Bored_Mouth_Bored,-5.89610669278015,-17.377950953743,7.18134974622489,100,9254,0.691927289898453,Clothes_No+Earring_No+Eyes_Bored+Mouth_Bored,Cl:No+Ear:No+Eyes:Bored+Mouth:Bored,4,6,925,-6.16252638512763,-6.1637894336698,-6.16124649663851
4,Clothes_No_Earring_No_Eyes_Bored_Mouth_Bored,-5.89610669278015,-17.377950953743,7.18134974622489,100,9254,0.691927289898453,Clothes_No+Earring_No+Eyes_Bored+Mouth_Bored,Cl:No+Ear:No+Eyes:Bored+Mouth:Bored,4,7,926,-6.09012006677464,-6.09162435353479,-6.08864630608044
4,Clothes_No_Earring_No_Eyes_Bored_Mouth_Bored,-5.89610669278015,-17.377950953743,7.18134974622489,100,9254,0.691927289898453,Clothes_No+Earring_No+Eyes_Bored+Mouth_Bored,Cl:No+Ear:No+Eyes:Bored+Mouth:Bored,4,8,925,-6.013825356116,-6.0151507370122,-6.01231651394043
4,Clothes_No_Earring_No_Eyes_Bored_Mouth_Bored,-5.89610669278015,-17.377950953743,7.18134974622489,100,9254,0.691927289898453,Clothes_No+Earring_No+Eyes_Bored+Mouth_Bored,Cl:No+Ear:No+Eyes:Bored+Mouth:Bored,4,9,925,-5.91660900483565,-5.91867710578507,-5.91458097678798
4,Clothes_No_Earring_No_Eyes_Bored_Mouth_Bored,-5.89610669278015,-17.377950953743,7.18134974622489,100,9254,0.691927289898453,Clothes_No+Earring_No+Eyes_Bored+Mouth_Bored,Cl:No+Ear:No+Eyes:Bored+Mouth:Bored,4,10,926,-5.71967499152479,-5.72812904150551,-5.70992835223369
4,Background_Gray_Earring_No_Hat_No_Mouth_Bored,-7.07496734718854,-28.4759175395623,20.7294298155088,100,9254,0.817937465748241,Background_Gray+Earring_No+Hat_No+Mouth_Bored,BG:Gray+Ear:No+Hat:No+Mouth:Bored,5,1,926,-7.65683918320977,-7.68195484983374,-7.63679774217244
4,Background_Gray_Earring_No_Hat_No_Mouth_Bored,-7.07496734718854,-28.4759175395623,20.7294298155088,100,9254,0.817937465748241,Background_Gray+Earring_No+Hat_No+Mouth_Bored,BG:Gray+Ear:No+Hat:No+Mouth:Bored,5,2,925,-7.24327178397959,-7.24778984928623,-7.23879635910296
4,Background_Gray_Earring_No_Hat_No_Mouth_Bored,-7.07496734718854,-28.4759175395623,20.7294298155088,100,9254,0.817937465748241,Background_Gray+Earring_No+Hat_No+Mouth_Bored,BG:Gray+Ear:No+Hat:No+Mouth:Bored,5,3,925,-7.03786111490045,-7.04096985811762,-7.0342903806914
4,Background_Gray_Earring_No_Hat_No_Mouth_Bored,-7.07496734718854,-28.4759175395623,20.7294298155088,100,9254,0.817937465748241,Background_Gray+Earring_No+Hat_No+Mouth_Bored,BG:Gray+Ear:No+Hat:No+Mouth:Bored,5,4,926,-6.86885346615962,-6.87154667385768,-6.86618350792245
4,Background_Gray_Earring_No_Hat_No_Mouth_Bored,-7.07496734718854,-28.4759175395623,20.7294298155088,100,9254,0.817937465748241,Background_Gray+Earring_No+Hat_No+Mouth_Bored,BG:Gray+Ear:No+Hat:No+Mouth:Bored,5,5,925,-6.72806060505756,-6.73077465619477,-6.72570456343272
4,Background_Gray_Earring_No_Hat_No_Mouth_Bored,-7.07496734718854,-28.4759175395623,20.7294298155088,100,9254,0.817937465748241,Background_Gray+Earring_No+Hat_No+Mouth_Bored,BG:Gray+Ear:No+Hat:No+Mouth:Bored,5,6,925,-6.58720677022763,-6.59018318877318,-6.58428984451182
4,Background_Gray_Earring_No_Hat_No_Mouth_Bored,-7.07496734718854,-28.4759175395623,20.7294298155088,100,9254,0.817937465748241,Background_Gray+Earring_No+Hat_No+Mouth_Bored,BG:Gray+Ear:No+Hat:No+Mouth:Bored,5,7,926,-6.43984669600809,-6.44279518512359,-6.43705655381274
4,Background_Gray_Earring_No_Hat_No_Mouth_Bored,-7.07496734718854,-28.4759175395623,20.7294298155088,100,9254,0.817937465748241,Background_Gray+Earring_No+Hat_No+Mouth_Bored,BG:Gray+Ear:No+Hat:No+Mouth:Bored,5,8,925,-6.27259265209841,-6.27655784100923,-6.26893506500483
4,Background_Gray_Earring_No_Hat_No_Mouth_Bored,-7.07496734718854,-28.4759175395623,20.7294298155088,100,9254,0.817937465748241,Background_Gray+Earring_No+Hat_No+Mouth_Bored,BG:Gray+Ear:No+Hat:No+Mouth:Bored,5,9,925,-6.05817241718217,-6.0625556168616,-6.05402633395979
4,Background_Gray_Earring_No_Hat_No_Mouth_Bored,-7.07496734718854,-28.4759175395623,20.7294298155088,100,9254,0.817937465748241,Background_Gray+Earring_No+Hat_No+Mouth_Bored,BG:Gray+Ear:No+Hat:No+Mouth:Bored,5,10,926,-5.64165066179461,-5.66180487495027,-5.61959117856887
