"treatment","k","row_id","cate_log","cate_se_log","cate_lo_log","cate_hi_log","cate_pct"
"Earring_No+Fur_Golden.Brown+Mouth_Bored",3,4,-0.0384700469662821,0.232191911891632,-0.49356619427388,0.416626100341316,-3.7739473069832
"Earring_No+Fur_Golden.Brown+Mouth_Bored",3,17,-0.0694253666776468,0.281805260648753,-0.621763677549203,0.482912944193909,-6.70702415662566
"Earring_No+Fur_Golden.Brown+Mouth_Bored",3,78,-0.046394876682166,0.282255311033209,-0.599615286307255,0.506825532942923,-4.53350871617465
"Earring_No+Fur_Golden.Brown+Mouth_Bored",3,137,-0.0690153936712744,0.301171628371827,-0.659311785280055,0.521280997937506,-6.66876871353205
"Earring_No+Fur_Golden.Brown+Mouth_Bored",3,144,-0.0633984068707353,0.285004000892427,-0.622006248619893,0.495209434878422,-6.14305333335856
"Earring_No+Fur_Golden.Brown+Mouth_Bored",3,160,-0.0512308848987213,0.30741652931605,-0.653767282358179,0.551305512560737,-4.99407091354752
"Earring_No+Fur_Golden.Brown+Mouth_Bored",3,189,-0.0992350130364388,0.22980055301553,-0.549644096946878,0.351174070874,-9.44701283098603
"Earring_No+Fur_Golden.Brown+Mouth_Bored",3,201,-0.0682940496744556,0.278935124513495,-0.615006893720906,0.478418794371994,-6.60142050243427
"Earring_No+Fur_Golden.Brown+Mouth_Bored",3,285,-0.0650744195326412,0.296761459989659,-0.646726881112373,0.516578042047091,-6.3002270150474
"Earring_No+Fur_Golden.Brown+Mouth_Bored",3,334,-0.0512781085688372,0.286189190872955,-0.612208922679829,0.509652705542154,-4.99855733626825
"Earring_No+Fur_Golden.Brown+Mouth_Bored",3,361,-0.0763595555097707,0.301885325534858,-0.668054793558092,0.515335682538551,-7.35169754119347
"Earring_No+Fur_Golden.Brown+Mouth_Bored",3,367,-0.0353350797931041,0.245730307187809,-0.516966481881211,0.446296322295002,-3.47180844032392
"Earring_No+Fur_Golden.Brown+Mouth_Bored",3,375,-0.0509989584779497,0.27182366764334,-0.583773347058896,0.481775430102997,-4.97203397308684
"Earring_No+Fur_Golden.Brown+Mouth_Bored",3,383,-0.0772201996067773,0.267647137009659,-0.601808588145709,0.447368188932154,-7.43140045296234
"Earring_No+Fur_Golden.Brown+Mouth_Bored",3,390,-0.0652737942168932,0.286941785921871,-0.627679694623761,0.497132106189975,-6.31890651552912
"Earring_No+Fur_Golden.Brown+Mouth_Bored",3,409,-0.062441949409605,0.232750999568878,-0.518633908564605,0.393750009745395,-6.05324021207221
"Earring_No+Fur_Golden.Brown+Mouth_Bored",3,417,-0.0678844685757648,0.270582038622518,-0.5982252642759,0.46245632712437,-6.56315837444018
"Earring_No+Fur_Golden.Brown+Mouth_Bored",3,423,-0.0753732235435595,0.27557471234989,-0.615499659749343,0.464753212662224,-7.26027047755751
"Earring_No+Fur_Golden.Brown+Mouth_Bored",3,468,-0.0488270035097733,0.333945457510358,-0.703360100230075,0.605706093210529,-4.76541320588392
"Earring_No+Fur_Golden.Brown+Mouth_Bored",3,482,-0.0600455311007457,0.259255145349191,-0.56818561598516,0.448094553783669,-5.82783450154464
"Earring_No+Fur_Golden.Brown+Mouth_Bored",3,487,-0.053069184712341,0.300896562736432,-0.642826447675747,0.536688078251065,-5.16855986463857
"Earring_No+Fur_Golden.Brown+Mouth_Bored",3,502,-0.0501133718684582,0.294994549133888,-0.628302688170879,0.528075944433963,-4.88784120435433
"Earring_No+Fur_Golden.Brown+Mouth_Bored",3,515,-0.0751365156811084,0.267809048914917,-0.600042251554345,0.449769220192128,-7.23831565608103
"Earring_No+Fur_Golden.Brown+Mouth_Bored",3,526,-0.0621047849014906,0.269226977312274,-0.589789660433547,0.465580090630566,-6.02155935848978
"Earring_No+Fur_Golden.Brown+Mouth_Bored",3,528,0.119773546565794,0.272467053496488,-0.414261878287323,0.65380897141891,12.7241554952769
"Earring_No+Fur_Golden.Brown+Mouth_Bored",3,540,-0.0662799519817512,0.262327332115007,-0.580441522927166,0.447881618963663,-6.41311707186965
"Earring_No+Fur_Golden.Brown+Mouth_Bored",3,544,-0.0814020864120359,0.26850795479906,-0.607677677818194,0.444873504994123,-7.81770355708445
"Earring_No+Fur_Golden.Brown+Mouth_Bored",3,570,-0.0568571904838674,0.262106628378829,-0.570586182106372,0.456871801138637,-5.52710239787408
"Earring_No+Fur_Golden.Brown+Mouth_Bored",3,589,-0.0733761917302452,0.276950443441934,-0.616199060876436,0.469446677415946,-7.07488123484837
"Earring_No+Fur_Golden.Brown+Mouth_Bored",3,637,-0.0277323475992915,0.31220833554193,-0.639660685261475,0.584195990062892,-2.73513362849647
"Earring_No+Fur_Golden.Brown+Mouth_Bored",3,655,-0.0605018498068055,0.281467122840459,-0.612177410574105,0.491173710960494,-5.87079721916037
"Earring_No+Fur_Golden.Brown+Mouth_Bored",3,660,-0.0825600149282386,0.271729170740682,-0.615149189579975,0.450029159723497,-7.92438229173075
"Earring_No+Fur_Golden.Brown+Mouth_Bored",3,675,-0.056411928298744,0.287604862302818,-0.620117458412268,0.507293601814779,-5.48502782263932
"Earring_No+Fur_Golden.Brown+Mouth_Bored",3,681,-0.0823956313679455,0.274624636774802,-0.620659919446557,0.455868656710666,-7.9092453297759
"Earring_No+Fur_Golden.Brown+Mouth_Bored",3,690,-0.0438519660763827,0.309012603285968,-0.649516668516879,0.561812736364114,-4.29043703920252
"Earring_No+Fur_Golden.Brown+Mouth_Bored",3,694,-0.0510521526194868,0.252677713979928,-0.546300472020146,0.444196166781172,-4.97708876971767
"Earring_No+Fur_Golden.Brown+Mouth_Bored",3,703,-0.0553128622769392,0.280574692152131,-0.605239258895115,0.494613534341237,-5.38109252275142
"Earring_No+Fur_Golden.Brown+Mouth_Bored",3,718,-0.0706481457469302,0.265085856119634,-0.590216423741412,0.448920132247552,-6.82103113791771
"Earring_No+Fur_Golden.Brown+Mouth_Bored",3,729,-0.0369449546809696,0.279852612325308,-0.585456074838573,0.511566165476634,-3.62708173306443
"Earring_No+Fur_Golden.Brown+Mouth_Bored",3,730,-0.0520359335734,0.26851989993862,-0.578334937453096,0.474263070306296,-5.07052453227382
"Earring_No+Fur_Golden.Brown+Mouth_Bored",3,762,-0.0968868960838955,0.263770364314258,-0.61387681013984,0.420103017972049,-9.23413399231774
"Earring_No+Fur_Golden.Brown+Mouth_Bored",3,785,-0.03408241094639,0.2949727188498,-0.612228939891998,0.544064117999218,-3.35081481527681
"Earring_No+Fur_Golden.Brown+Mouth_Bored",3,799,-0.0459772537224244,0.258650827908954,-0.552932876423973,0.460978368979125,-4.49363139126491
"Earring_No+Fur_Golden.Brown+Mouth_Bored",3,819,-0.0500973374564016,0.246650761978203,-0.533532830933679,0.433338156020876,-4.88631612458176
"Earring_No+Fur_Golden.Brown+Mouth_Bored",3,878,-0.0465637885426136,0.26028071463009,-0.55671398921759,0.463586412132363,-4.54963277701692
"Earring_No+Fur_Golden.Brown+Mouth_Bored",3,882,-0.04605202673765,0.306642469483254,-0.647071266924827,0.554967213449527,-4.50077242343745
"Earring_No+Fur_Golden.Brown+Mouth_Bored",3,892,-0.0716730188563744,0.258354576899026,-0.578047989578466,0.434701951865717,-6.91647883822491
"Earring_No+Fur_Golden.Brown+Mouth_Bored",3,898,-0.057209861389701,0.289114622624925,-0.623874521734553,0.509454798955151,-5.56041436582194
"Earring_No+Fur_Golden.Brown+Mouth_Bored",3,900,-0.0713988354423875,0.26968486049879,-0.599981162020017,0.457183491135242,-6.89095338143833
"Earring_No+Fur_Golden.Brown+Mouth_Bored",3,936,-0.0667420625226733,0.276722362081271,-0.609117892201965,0.475633767156619,-6.45635456594246
"Earring_No+Fur_Golden.Brown+Mouth_Bored",3,944,-0.0327615683953302,0.264111384010928,-0.550419881056749,0.484896744266089,-3.22307211353348
"Earring_No+Fur_Golden.Brown+Mouth_Bored",3,957,-0.0572901086914975,0.260633453957927,-0.568131678449034,0.453551461066039,-5.56799258368202
"Earring_No+Fur_Golden.Brown+Mouth_Bored",3,985,-0.0638303988534126,0.323283515792781,-0.697466089807264,0.569805292100439,-6.18359002544373
"Earring_No+Fur_Golden.Brown+Mouth_Bored",3,994,-0.0329511006551941,0.293995851311333,-0.609182969225407,0.543280767915019,-3.24141272525478
"Earring_No+Fur_Golden.Brown+Mouth_Bored",3,999,-0.0651689942974698,0.237711626541233,-0.531083782318286,0.400745793723346,-6.30908823001167
"Earring_No+Fur_Golden.Brown+Mouth_Bored",3,1069,-0.0458328649246465,0.284816328982949,-0.604072869731227,0.512407139881934,-4.47984034590909
"Earring_No+Fur_Golden.Brown+Mouth_Bored",3,1082,-0.0564553923253632,0.260120049856555,-0.566290690044212,0.453379905393485,-5.4891357346321
"Earring_No+Fur_Golden.Brown+Mouth_Bored",3,1083,-0.0324720487660203,0.26067976267586,-0.543404383610706,0.478460286078665,-3.19504923685534
"Earring_No+Fur_Golden.Brown+Mouth_Bored",3,1111,-0.0836698713912769,0.245515632108287,-0.564880510323519,0.397540767540965,-8.02651632359093
"Earring_No+Fur_Golden.Brown+Mouth_Bored",3,1119,-0.0817464785396094,0.290040797865506,-0.650226442356,0.486733485276782,-7.8494449482247
"Earring_No+Fur_Golden.Brown+Mouth_Bored",3,1140,-0.0480351124744154,0.260795204100885,-0.559193712512149,0.463123487563318,-4.68996792206628
"Earring_No+Fur_Golden.Brown+Mouth_Bored",3,1151,-0.0543862641337471,0.268378000943721,-0.58040714598344,0.471634617715945,-5.2933781870777
"Earring_No+Fur_Golden.Brown+Mouth_Bored",3,1158,-0.046511238120541,0.305978821192281,-0.646229727657411,0.553207251416329,-4.54461668813472
"Earring_No+Fur_Golden.Brown+Mouth_Bored",3,1173,-0.063802809122778,0.288909725910534,-0.630065871907425,0.502460253661869,-6.1810016202569
"Earring_No+Fur_Golden.Brown+Mouth_Bored",3,1180,-0.0512074045589215,0.289815356016585,-0.619245502351429,0.516830693233586,-4.99184011585973
"Earring_No+Fur_Golden.Brown+Mouth_Bored",3,1194,-0.0583152255559344,0.274556413965563,-0.596445796928439,0.47981534581657,-5.66474682635122
"Earring_No+Fur_Golden.Brown+Mouth_Bored",3,1206,-0.0517468996872338,0.303608065677129,-0.646818708414406,0.543324909039938,-5.04308273145354
"Earring_No+Fur_Golden.Brown+Mouth_Bored",3,1255,-0.048186553072427,0.287146971895811,-0.610994617988217,0.514621511843363,-4.70440063744355
"Earring_No+Fur_Golden.Brown+Mouth_Bored",3,1265,-0.0596126813332206,0.287001374429402,-0.622135375214848,0.502910012548407,-5.78706327833062
"Earring_No+Fur_Golden.Brown+Mouth_Bored",3,1270,-0.0693747427146236,0.288045515349863,-0.633943952800355,0.495194467371107,-6.70230117691928
"Earring_No+Fur_Golden.Brown+Mouth_Bored",3,1273,-0.0545665193851986,0.250444558907761,-0.54543785484441,0.436304816074013,-5.31044801449747
"Earring_No+Fur_Golden.Brown+Mouth_Bored",3,1278,-0.0722573727800575,0.288057405091704,-0.636849886759798,0.492335141199683,-6.97085666954912
"Earring_No+Fur_Golden.Brown+Mouth_Bored",3,1296,-0.0462508384323177,0.290053817443919,-0.614756320622398,0.522254643757763,-4.51975689948094
"Earring_No+Fur_Golden.Brown+Mouth_Bored",3,1301,-0.0315636155104831,0.302967458242603,-0.625379833665985,0.562252602645019,-3.10706844399294
"Earring_No+Fur_Golden.Brown+Mouth_Bored",3,1307,-0.0456607763149663,0.255003992049018,-0.545468600731043,0.45414704810111,-4.46340099996626
"Earring_No+Fur_Golden.Brown+Mouth_Bored",3,1333,-0.0725617935196626,0.280731502604045,-0.62279553862359,0.477671951584265,-6.99917236000622
"Earring_No+Fur_Golden.Brown+Mouth_Bored",3,1337,-0.0553088728890913,0.298328195097169,-0.640032135279543,0.52941438950136,-5.38071505047881
"Earring_No+Fur_Golden.Brown+Mouth_Bored",3,1345,-0.0397316071609339,0.311380529394698,-0.650037444774541,0.570574230452673,-3.89526572341645
"Earring_No+Fur_Golden.Brown+Mouth_Bored",3,1348,-0.0677005791355323,0.250427832537776,-0.558539130909573,0.423137972638508,-6.54597474604108
"Earring_No+Fur_Golden.Brown+Mouth_Bored",3,1397,-0.0712221353316713,0.273804364062002,-0.607878688893196,0.465434418229853,-6.87449954893794
"Earring_No+Fur_Golden.Brown+Mouth_Bored",3,1423,-0.0699432526427573,0.290185232448275,-0.638706308241377,0.498819802955862,-6.75532677075578
"Earring_No+Fur_Golden.Brown+Mouth_Bored",3,1446,-0.0560271413031058,0.260640635525293,-0.56688278693268,0.454828504326468,-5.44865269256266
"Earring_No+Fur_Golden.Brown+Mouth_Bored",3,1449,-0.0368555380734199,0.288190485690523,-0.601708890026845,0.527997813880006,-3.61846400837523
"Earring_No+Fur_Golden.Brown+Mouth_Bored",3,1485,-0.0729416732140103,0.281364207846937,-0.624415520594006,0.478532174165986,-7.03449477642503
"Earring_No+Fur_Golden.Brown+Mouth_Bored",3,1486,-0.0479065730123454,0.25211991195964,-0.54206160045324,0.44624845442855,-4.67771603440444
"Earring_No+Fur_Golden.Brown+Mouth_Bored",3,1530,-0.0662949424059746,0.266673575894709,-0.588975151159604,0.456385266347655,-6.41451996843144
"Earring_No+Fur_Golden.Brown+Mouth_Bored",3,1537,-0.0438939353469721,0.328962579829186,-0.688660591812177,0.600872721118233,-4.29445381545724
"Earring_No+Fur_Golden.Brown+Mouth_Bored",3,1540,-0.0548579230079036,0.24641150305661,-0.53782446899886,0.428108622983053,-5.33803687303647
"Earring_No+Fur_Golden.Brown+Mouth_Bored",3,1560,-0.0823069280801166,0.257890632759534,-0.587772568288803,0.42315871212857,-7.90107621474969
"Earring_No+Fur_Golden.Brown+Mouth_Bored",3,1601,-0.0792994415787768,0.272581393683317,-0.613558973198078,0.454960090040524,-7.6236730105737
"Earring_No+Fur_Golden.Brown+Mouth_Bored",3,1625,-0.0464995190795671,0.287890402351621,-0.610764707688744,0.51776566952961,-4.54349803603176
"Earring_No+Fur_Golden.Brown+Mouth_Bored",3,1664,-0.0549564225863284,0.283698251857677,-0.611004996227376,0.501092151054719,-5.34736057729933
"Earring_No+Fur_Golden.Brown+Mouth_Bored",3,1707,-0.0739198845197375,0.238555349064448,-0.541488368686055,0.39364859964658,-7.12539021995399
"Earring_No+Fur_Golden.Brown+Mouth_Bored",3,1727,-0.0697371032698935,0.266591349641769,-0.59225614856776,0.452781942027973,-6.73610245837479
"Earring_No+Fur_Golden.Brown+Mouth_Bored",3,1753,-0.063603105804562,0.294226855403934,-0.640287742396272,0.513081530787148,-6.162263784027
"Earring_No+Fur_Golden.Brown+Mouth_Bored",3,1783,-0.0190150384372355,0.299154000969856,-0.605356880338154,0.567326803463683,-1.88353930505013
"Earring_No+Fur_Golden.Brown+Mouth_Bored",3,1794,-0.0671728763137611,0.248612772248293,-0.554453909920415,0.420108157292893,-6.49664577883582
"Earring_No+Fur_Golden.Brown+Mouth_Bored",3,1801,-0.0599842400436127,0.267119173211312,-0.583537819537785,0.463569339450559,-5.82206241308183
"Earring_No+Fur_Golden.Brown+Mouth_Bored",3,1815,-0.0593914388354281,0.295935387228874,-0.639424797804021,0.520641920133165,-5.76621706693704
"Earring_No+Fur_Golden.Brown+Mouth_Bored",3,1823,-0.0587790296772224,0.248720787498121,-0.546271773173539,0.428713713819095,-5.70848976069515
"Earring_No+Fur_Golden.Brown+Mouth_Bored",3,1827,-0.0324336867236662,0.324454560037861,-0.668364624397874,0.603497250950541,-3.19133553000185
"Earring_No+Fur_Golden.Brown+Mouth_Bored",3,1851,-0.0461971123711186,0.310755285585072,-0.655277472117859,0.562883247375622,-4.51462698429298
"Earring_No+Fur_Golden.Brown+Mouth_Bored",3,1854,-0.0625426646137572,0.292217546956431,-0.635289056648362,0.510203727420848,-6.06270160270274
"Earring_No+Fur_Golden.Brown+Mouth_Bored",3,1899,-0.0296152885520397,0.276061105496582,-0.570695055325341,0.511464478221262,-2.91810531215279
"Earring_No+Fur_Golden.Brown+Mouth_Bored",3,1928,-0.0344554169779507,0.246947480273058,-0.518472478313143,0.449561644357242,-3.38685882156236
"Earring_No+Fur_Golden.Brown+Mouth_Bored",3,1930,-0.0582053396415386,0.308237322219455,-0.66235049119167,0.545939811908593,-5.65438014123058
"Earring_No+Fur_Golden.Brown+Mouth_Bored",3,1941,-0.0776968540037316,0.261274323685379,-0.589794528427075,0.434400820419611,-7.47551316886115
"Earring_No+Fur_Golden.Brown+Mouth_Bored",3,1962,-0.0454181114522986,0.307374795244346,-0.647872710131216,0.557036487226619,-4.4402148111673
"Earring_No+Fur_Golden.Brown+Mouth_Bored",3,1966,-0.0587973509115144,0.266658029120444,-0.581447087987584,0.463852386164555,-5.71021728172079
"Earring_No+Fur_Golden.Brown+Mouth_Bored",3,1997,-0.0644543929035244,0.27478396041036,-0.603030955307831,0.474122169500782,-6.2421126462882
"Earring_No+Fur_Golden.Brown+Mouth_Bored",3,2003,-0.0636350758123007,0.281472029832022,-0.615320254283064,0.488050102658463,-6.16526372922561
"Earring_No+Fur_Golden.Brown+Mouth_Bored",3,2015,-0.0948581269974657,0.281843612013534,-0.647271606543993,0.457555352549061,-9.04980409107934
"Earring_No+Fur_Golden.Brown+Mouth_Bored",3,2016,-0.0713836391025152,0.261217199848424,-0.583369350805426,0.440602072600396,-6.88953845396989
"Earring_No+Fur_Golden.Brown+Mouth_Bored",3,2048,-0.0919082372685327,0.272883593908245,-0.626760081328694,0.442943606791628,-8.78111493547399
"Earring_No+Fur_Golden.Brown+Mouth_Bored",3,2049,-0.0609175011941875,0.259809672297147,-0.570144458896595,0.44830945650822,-5.90991402284936
"Earring_No+Fur_Golden.Brown+Mouth_Bored",3,2056,-0.0684890160496756,0.283225659924782,-0.623611309502249,0.486633277402898,-6.61962830991681
"Earring_No+Fur_Golden.Brown+Mouth_Bored",3,2062,-0.0802054497069016,0.286983495720958,-0.642693101319978,0.482282201906175,-7.7073288115322
"Earring_No+Fur_Golden.Brown+Mouth_Bored",3,2065,-0.0376994022824947,0.283923787345166,-0.59419002547902,0.51879122091403,-3.69976262969139
"Earring_No+Fur_Golden.Brown+Mouth_Bored",3,2066,-0.0632172831605004,0.306913769606188,-0.664768271588629,0.538333705267628,-6.12605207532799
"Earring_No+Fur_Golden.Brown+Mouth_Bored",3,2073,-0.0234805653953529,0.307493351514188,-0.626167534363162,0.579206403572456,-2.32070419306621
"Earring_No+Fur_Golden.Brown+Mouth_Bored",3,2092,-0.0514127016760525,0.299215707292424,-0.637875487969204,0.535050084617099,-5.01134301517486
"Earring_No+Fur_Golden.Brown+Mouth_Bored",3,2095,-0.3563606802742,0.121138584852408,-0.593792306584919,-0.118929053963481,-29.9779980864628
"Earring_No+Fur_Golden.Brown+Mouth_Bored",3,2098,-0.071359054651871,0.249262733272592,-0.559914011866151,0.417195902562409,-6.88724935628555
"Earring_No+Fur_Golden.Brown+Mouth_Bored",3,2109,-0.0740128155158528,0.290023814709152,-0.64245949234579,0.494433861314085,-7.13402074892663
"Earring_No+Fur_Golden.Brown+Mouth_Bored",3,2130,-0.0684321139516446,0.286090301701317,-0.629169105286226,0.492304877382937,-6.61431461967411
"Earring_No+Fur_Golden.Brown+Mouth_Bored",3,2132,-0.0392385931447784,0.300337004316595,-0.627899121605306,0.549421935315749,-3.84787306073567
"Earring_No+Fur_Golden.Brown+Mouth_Bored",3,2144,-0.0688256420637246,0.300868339484509,-0.658527587453363,0.520876303325914,-6.65105728202768
"Earring_No+Fur_Golden.Brown+Mouth_Bored",3,2148,-0.0636944146781136,0.273674136462907,-0.600095722145411,0.472706892789184,-6.17083161085224
"Earring_No+Fur_Golden.Brown+Mouth_Bored",3,2186,-0.049927573859065,0.327789875964124,-0.692395730748749,0.592540583030619,-4.87016791280065
"Earring_No+Fur_Golden.Brown+Mouth_Bored",3,2190,-0.0285344720014014,0.250600546736863,-0.519711543605652,0.46264259960285,-2.8131208693651
"Earring_No+Fur_Golden.Brown+Mouth_Bored",3,2216,-0.0800203093204306,0.258061340405578,-0.585820536515364,0.425779917874503,-7.69024012886608
"Earring_No+Fur_Golden.Brown+Mouth_Bored",3,2225,-0.0620884282880809,0.288193418797108,-0.626947529130412,0.502770672554251,-6.02002217689586
"Earring_No+Fur_Golden.Brown+Mouth_Bored",3,2243,-0.0439990544457469,0.304883391901046,-0.641570502571797,0.553572393680303,-4.3045137674641
"Earring_No+Fur_Golden.Brown+Mouth_Bored",3,2247,-0.0640641721880496,0.289312441101397,-0.631116556746787,0.502988212370688,-6.20551923711482
"Earring_No+Fur_Golden.Brown+Mouth_Bored",3,2249,-0.0664449591814427,0.280925679242348,-0.617059290496446,0.48416937213356,-6.42855830735692
"Earring_No+Fur_Golden.Brown+Mouth_Bored",3,2257,-0.0493489899701531,0.276093360674293,-0.590491976891767,0.491793996951461,-4.81511139872999
"Earring_No+Fur_Golden.Brown+Mouth_Bored",3,2271,-0.0623629399319784,0.286715937709447,-0.624326177842494,0.499600297978537,-6.04581723441772
"Earring_No+Fur_Golden.Brown+Mouth_Bored",3,2279,-0.0794915403080247,0.259769113723032,-0.588639003205168,0.429655922589119,-7.64141668127809
"Earring_No+Fur_Golden.Brown+Mouth_Bored",3,2300,-0.0518244132900041,0.249948855605889,-0.541724170277547,0.438075343697539,-5.05044289895875
"Earring_No+Fur_Golden.Brown+Mouth_Bored",3,2314,-0.0520978187553402,0.240791428148482,-0.524049017926364,0.419853380415684,-5.07639907835907
"Earring_No+Fur_Golden.Brown+Mouth_Bored",3,2367,-0.0552075896054704,0.251102621717319,-0.547368728171415,0.436953548960474,-5.3711312132722
"Earring_No+Fur_Golden.Brown+Mouth_Bored",3,2388,-0.0700824078219339,0.288111797322938,-0.634781530574892,0.494616714931024,-6.76830134720557
"Earring_No+Fur_Golden.Brown+Mouth_Bored",3,2397,-0.0372087512076932,0.309296014461367,-0.643428939551972,0.569011437136586,-3.65250122123971
"Earring_No+Fur_Golden.Brown+Mouth_Bored",3,2407,-0.065836316890952,0.28792364524938,-0.630166661579736,0.498494027797832,-6.37158943568697
"Earring_No+Fur_Golden.Brown+Mouth_Bored",3,2416,-0.0620080618924526,0.269330318705375,-0.589895486554987,0.465879362770082,-6.01246904131191
"Earring_No+Fur_Golden.Brown+Mouth_Bored",3,2434,-0.0594061842331216,0.26574987530727,-0.580275939835371,0.461463571369128,-5.76760657129812
"Earring_No+Fur_Golden.Brown+Mouth_Bored",3,2447,-0.0373065458559576,0.268448480989874,-0.563465568596111,0.488852476884195,-3.66192303028517
"Earring_No+Fur_Golden.Brown+Mouth_Bored",3,2460,-0.0640042186456695,0.282677728052026,-0.61805256562764,0.490044128336301,-6.1998957571653
"Earring_No+Fur_Golden.Brown+Mouth_Bored",3,2461,-0.0370137164797105,0.280316694569031,-0.586434437835011,0.51240700487559,-3.6337082804451
"Earring_No+Fur_Golden.Brown+Mouth_Bored",3,2462,-0.0655312341969334,0.234141507504129,-0.524448588905026,0.393386120511159,-6.34302067025897
"Earring_No+Fur_Golden.Brown+Mouth_Bored",3,2464,-0.0509824278082329,0.293422231021747,-0.626090000610857,0.524125144994391,-4.9704630841827
"Earring_No+Fur_Golden.Brown+Mouth_Bored",3,2465,-0.0660073206927017,0.321377328064316,-0.695906883698761,0.563892242313358,-6.38759888096825
"Earring_No+Fur_Golden.Brown+Mouth_Bored",3,2492,-0.0349972532658026,0.273613628069662,-0.57127996428234,0.501285457750734,-3.4391931477373
"Earring_No+Fur_Golden.Brown+Mouth_Bored",3,2494,-0.0648828192630158,0.279202363299687,-0.612119451330402,0.48235381280437,-6.28227239327938
"Earring_No+Fur_Golden.Brown+Mouth_Bored",3,2527,-0.0258588784280688,0.301685559698853,-0.61716257543782,0.565444818581683,-2.55274009892741
"Earring_No+Fur_Golden.Brown+Mouth_Bored",3,2547,-0.064546488494213,0.268695544164961,-0.591189755057536,0.46209677806911,-6.25074693670962
"Earring_No+Fur_Golden.Brown+Mouth_Bored",3,2551,-0.051724447352635,0.337048328246352,-0.712339170715484,0.608890276010214,-5.04095070304014
"Earring_No+Fur_Golden.Brown+Mouth_Bored",3,2618,-0.0704364965056632,0.2843791770828,-0.627819683587951,0.486946690576625,-6.80130779271411
"Earring_No+Fur_Golden.Brown+Mouth_Bored",3,2668,-0.0723719166206057,0.265296113135636,-0.592352298366453,0.447608465125242,-6.98151197464767
"Earring_No+Fur_Golden.Brown+Mouth_Bored",3,2697,-0.0634937111939202,0.273143000500786,-0.598853992175461,0.47186656978762,-6.15199787990309
"Earring_No+Fur_Golden.Brown+Mouth_Bored",3,2718,-0.0604239866834698,0.297557324405253,-0.643636342517766,0.522788369150827,-5.8634677400904
"Earring_No+Fur_Golden.Brown+Mouth_Bored",3,2719,-0.0529614499308311,0.313576550786723,-0.667571489472809,0.561648589611147,-5.15834266979157
"Earring_No+Fur_Golden.Brown+Mouth_Bored",3,2722,-0.0556019979089389,0.275906170923179,-0.59637809291837,0.485174097100492,-5.40844626570253
"Earring_No+Fur_Golden.Brown+Mouth_Bored",3,2744,-0.0525678952032989,0.288888283185727,-0.618788930247324,0.513653139840726,-5.12100994142827
"Earring_No+Fur_Golden.Brown+Mouth_Bored",3,2756,-0.0302925221598089,0.299960100462517,-0.618214319066342,0.557629274746724,-2.98383017588598
"Earring_No+Fur_Golden.Brown+Mouth_Bored",3,2760,-0.0576425538353953,0.262912815822529,-0.572951672847553,0.457666565176762,-5.60126882175571
"Earring_No+Fur_Golden.Brown+Mouth_Bored",3,2767,-0.0597100567293245,0.273746908592832,-0.596253997571276,0.476833884112627,-5.79623685371448
"Earring_No+Fur_Golden.Brown+Mouth_Bored",3,2768,-0.0479522544146645,0.300675567105382,-0.637276365941212,0.541371857111884,-4.68207039055095
"Earring_No+Fur_Golden.Brown+Mouth_Bored",3,2791,-0.0335900243162908,0.325258027949935,-0.671095759098164,0.603915710465582,-3.30321433072248
"Earring_No+Fur_Golden.Brown+Mouth_Bored",3,2800,-0.0615796743792112,0.273733831271593,-0.598097983671534,0.474938634913112,-5.97219733131584
"Earring_No+Fur_Golden.Brown+Mouth_Bored",3,2805,-0.0495723780802539,0.254176994323503,-0.547759286954319,0.448614530793812,-4.83637219631167
"Earring_No+Fur_Golden.Brown+Mouth_Bored",3,2833,-0.0619588781959131,0.28011657721534,-0.610987369537979,0.487069613146153,-6.00784627342926
"Earring_No+Fur_Golden.Brown+Mouth_Bored",3,2856,-0.0774449667995193,0.281107139055569,-0.628414959348435,0.473525025749397,-7.45220449909748
"Earring_No+Fur_Golden.Brown+Mouth_Bored",3,2905,-0.0511259675235173,0.273174547988423,-0.586548081580827,0.484296146533793,-4.98410261792439
"Earring_No+Fur_Golden.Brown+Mouth_Bored",3,2916,-0.0853976025627514,0.256435673108885,-0.588011521856167,0.417216316730664,-8.18528458435686
"Earring_No+Fur_Golden.Brown+Mouth_Bored",3,2939,-0.0799604581275349,0.266895757807177,-0.603076143429601,0.443155227174531,-7.68471511428417
"Earring_No+Fur_Golden.Brown+Mouth_Bored",3,2940,-0.0671120676129736,0.293588679019476,-0.642545878491147,0.508321743265199,-6.49095978846926
"Earring_No+Fur_Golden.Brown+Mouth_Bored",3,2948,-0.0564963438209242,0.255034299514078,-0.556363570868518,0.443370883226669,-5.49300601662307
"Earring_No+Fur_Golden.Brown+Mouth_Bored",3,2970,-0.0604106190280605,0.267781904553545,-0.585263151953009,0.464441913896888,-5.86220934695486
"Earring_No+Fur_Golden.Brown+Mouth_Bored",3,2976,-0.0737262458927683,0.26071818987666,-0.584733898051023,0.437281406265486,-7.10740436671411
"Earring_No+Fur_Golden.Brown+Mouth_Bored",3,2978,-0.0648268031403772,0.293131607562218,-0.639364753962325,0.509711147681571,-6.27702254251958
"Earring_No+Fur_Golden.Brown+Mouth_Bored",3,3000,-0.0506631026900946,0.284675337992456,-0.608626765155309,0.50730055977512,-4.94011292055353
"Earring_No+Fur_Golden.Brown+Mouth_Bored",3,3002,-0.0528281245809919,0.303052923258086,-0.64681185416684,0.541155605004856,-5.14569702967522
"Earring_No+Fur_Golden.Brown+Mouth_Bored",3,3011,-0.0574942464282417,0.289164609625042,-0.624256881293324,0.509268388436841,-5.58726775249059
"Earring_No+Fur_Golden.Brown+Mouth_Bored",3,3014,-0.0627825344201002,0.277354707154988,-0.606397760443877,0.480832691603676,-6.08523162203397
"Earring_No+Fur_Golden.Brown+Mouth_Bored",3,3021,-0.0479047481889565,0.307486627119868,-0.650578537343898,0.554769040965985,-4.67754208791248
"Earring_No+Fur_Golden.Brown+Mouth_Bored",3,3031,-0.0608364300353783,0.243924287040072,-0.538928032633919,0.417255172563163,-5.90228572133329
"Earring_No+Fur_Golden.Brown+Mouth_Bored",3,3070,-0.0559085915300932,0.294764312955594,-0.633646644923056,0.52182946186287,-5.43744298736045
"Earring_No+Fur_Golden.Brown+Mouth_Bored",3,3108,-0.0552335513513624,0.290349655671442,-0.624318876467388,0.513851773764664,-5.37358791202746
"Earring_No+Fur_Golden.Brown+Mouth_Bored",3,3126,-0.0345472102226281,0.286555166446314,-0.596195336457404,0.527100916012148,-3.3957268482509
"Earring_No+Fur_Golden.Brown+Mouth_Bored",3,3155,-0.0844326118729649,0.264035032044778,-0.60194127468073,0.4330760509348,-8.09664147578688
"Earring_No+Fur_Golden.Brown+Mouth_Bored",3,3171,-0.0442826049829564,0.282999224235001,-0.598961084483559,0.510395874517646,-4.33164442735549
"Earring_No+Fur_Golden.Brown+Mouth_Bored",3,3203,-0.0557984627733169,0.317497335241371,-0.678093239846405,0.566496314299771,-5.42702835705445
"Earring_No+Fur_Golden.Brown+Mouth_Bored",3,3206,-0.0451960157066206,0.255117328007741,-0.545225978601792,0.454833947188551,-4.41898903242862
"Earring_No+Fur_Golden.Brown+Mouth_Bored",3,3250,-0.068944310524598,0.306765047205127,-0.670203803046648,0.532315181997452,-6.66213420013078
"Earring_No+Fur_Golden.Brown+Mouth_Bored",3,3255,-0.0394099515206984,0.248007360856528,-0.525504378799494,0.446684475758097,-3.8643481214391
"Earring_No+Fur_Golden.Brown+Mouth_Bored",3,3258,-0.0873141249905393,0.267095108135642,-0.610820536936397,0.436192286955319,-8.36108103292448
"Earring_No+Fur_Golden.Brown+Mouth_Bored",3,3260,-0.0443000308924233,0.277247639102559,-0.587705403533439,0.499105341748592,-4.33331152093319
"Earring_No+Fur_Golden.Brown+Mouth_Bored",3,3261,-0.0686967744542555,0.264447795765188,-0.587014454154023,0.449620905245512,-6.6390268517834
"Earring_No+Fur_Golden.Brown+Mouth_Bored",3,3298,-0.0605677460848909,0.247373765031595,-0.545420325546817,0.424284833377036,-5.87699977891774
"Earring_No+Fur_Golden.Brown+Mouth_Bored",3,3329,-0.0607271564606492,0.30212252534443,-0.652887306135733,0.531432993214434,-5.89200276590281
"Earring_No+Fur_Golden.Brown+Mouth_Bored",3,3332,-0.0445550391358894,0.255696438261126,-0.545720058127697,0.456609979855918,-4.35770420482053
"Earring_No+Fur_Golden.Brown+Mouth_Bored",3,3374,-0.0685266497516044,0.274670990635145,-0.60688179139649,0.469828491893281,-6.62314249286473
"Earring_No+Fur_Golden.Brown+Mouth_Bored",3,3384,-0.0686877930188928,0.239339333093906,-0.53779288588295,0.400417299845164,-6.63818833247212
"Earring_No+Fur_Golden.Brown+Mouth_Bored",3,3407,-0.0383198445879076,0.25009295811649,-0.528502042496227,0.451862353320412,-3.7594928394866
"Earring_No+Fur_Golden.Brown+Mouth_Bored",3,3422,-0.051716763262997,0.283732206342536,-0.607831887694368,0.504398361168374,-5.04022102638996
"Earring_No+Fur_Golden.Brown+Mouth_Bored",3,3445,-0.0503014062507618,0.277733131383102,-0.594658343761642,0.494055531260119,-4.90572387905149
"Earring_No+Fur_Golden.Brown+Mouth_Bored",3,3456,-0.0277523717180957,0.269045516919398,-0.555081584880116,0.499576841443925,-2.73708125223638
"Earring_No+Fur_Golden.Brown+Mouth_Bored",3,3462,-0.052873749614664,0.307633136150576,-0.655834696469794,0.550087197240466,-5.15002466171726
"Earring_No+Fur_Golden.Brown+Mouth_Bored",3,3469,-0.0405674502008745,0.261176232280695,-0.552472865471037,0.471337965069288,-3.97556063502066
"Earring_No+Fur_Golden.Brown+Mouth_Bored",3,3510,-0.0432563730497037,0.288366186101243,-0.608454097808139,0.521941351708732,-4.23341611196885
"Earring_No+Fur_Golden.Brown+Mouth_Bored",3,3528,-0.0343506653608592,0.278841306402455,-0.58087962590967,0.512178295187952,-3.37673790870989
"Earring_No+Fur_Golden.Brown+Mouth_Bored",3,3551,-0.0411580863611999,0.255990818043644,-0.542900089726743,0.460583917004343,-4.03225939536724
"Earring_No+Fur_Golden.Brown+Mouth_Bored",3,3556,-0.0470091207296212,0.275663031358184,-0.587308662191662,0.49329042073242,-4.59213043431332
"Earring_No+Fur_Golden.Brown+Mouth_Bored",3,3561,-0.0482439148648094,0.30231743759118,-0.640786092543522,0.544298262813903,-4.709866807053
"Earring_No+Fur_Golden.Brown+Mouth_Bored",3,3564,-0.0791064665611351,0.324409839680312,-0.714949752334546,0.556736819212276,-7.60584496711506
"Earring_No+Fur_Golden.Brown+Mouth_Bored",3,3567,-0.0793533166838083,0.275749732368714,-0.619822792126487,0.46111615875887,-7.62864966083269
"Earring_No+Fur_Golden.Brown+Mouth_Bored",3,3589,-0.0825360142695973,0.256914033785817,-0.586087520489799,0.421015491950604,-7.92217238974149
"Earring_No+Fur_Golden.Brown+Mouth_Bored",3,3608,-0.0575003239829563,0.268359063672315,-0.583484088780694,0.468483440814781,-5.58784154929294
"Earring_No+Fur_Golden.Brown+Mouth_Bored",3,3618,-0.045846167203998,0.248841303615675,-0.533575122290721,0.441882787882725,-4.48111097330537
"Earring_No+Fur_Golden.Brown+Mouth_Bored",3,3641,-0.0517375833071916,0.273600542962436,-0.587994647513566,0.484519480899183,-5.04219807260373
"Earring_No+Fur_Golden.Brown+Mouth_Bored",3,3659,-0.0615938395590044,0.29870390182476,-0.647053487135534,0.523865808017525,-5.9735292426128
"Earring_No+Fur_Golden.Brown+Mouth_Bored",3,3669,-0.0672702068285088,0.280422247322199,-0.616897811580019,0.482357397923001,-6.50574606555782
"Earring_No+Fur_Golden.Brown+Mouth_Bored",3,3679,-0.0661938392736522,0.298820978898493,-0.651882957914698,0.519495279367394,-6.40505770493618
"Earring_No+Fur_Golden.Brown+Mouth_Bored",3,3695,-0.0634032478774589,0.277125052890501,-0.606568351542842,0.479761855787924,-6.14350769436865
"Earring_No+Fur_Golden.Brown+Mouth_Bored",3,3702,-0.0444486227067183,0.24351369229252,-0.521735459600057,0.43283821418662,-4.34752575165658
"Earring_No+Fur_Golden.Brown+Mouth_Bored",3,3718,-0.0576121377280997,0.270421368565387,-0.587638020116258,0.472413744660059,-5.59839753615319
"Earring_No+Fur_Golden.Brown+Mouth_Bored",3,3771,-0.0488988572836273,0.275389263931017,-0.588661814588421,0.490864100021167,-4.77225592450599
"Earring_No+Fur_Golden.Brown+Mouth_Bored",3,3786,-0.0552351122963403,0.240240032515192,-0.526105576026116,0.415635351433436,-5.37373561853489
"Earring_No+Fur_Golden.Brown+Mouth_Bored",3,3832,-0.0520358736990555,0.297080851907456,-0.63431434343767,0.530242596039559,-5.07051884843354
"Earring_No+Fur_Golden.Brown+Mouth_Bored",3,3833,-0.0697606531804828,0.244274929812844,-0.548539515613656,0.40901820925269,-6.73829878896132
"Earring_No+Fur_Golden.Brown+Mouth_Bored",3,3837,-0.0821504882719976,0.273159093608307,-0.61754231174428,0.453241335200285,-7.88666714973846
"Earring_No+Fur_Golden.Brown+Mouth_Bored",3,3844,-0.0736311297480557,0.297394346259966,-0.65652404841759,0.509261788921478,-7.09856836092839
"Earring_No+Fur_Golden.Brown+Mouth_Bored",3,3864,-0.0609337973167257,0.280697603134741,-0.611101099460819,0.489233504827367,-5.9114473139267
"Earring_No+Fur_Golden.Brown+Mouth_Bored",3,3902,-0.0564152582975957,0.266962546225731,-0.579661848900029,0.466831332304838,-5.48534255686409
"Earring_No+Fur_Golden.Brown+Mouth_Bored",3,3917,-0.0393782047021772,0.284642526828336,-0.597277557285715,0.51852114788136,-3.86129607189932
"Earring_No+Fur_Golden.Brown+Mouth_Bored",3,3929,-0.068296339562609,0.269980615107668,-0.597458345173639,0.460865666048421,-6.60163437449014
"Earring_No+Fur_Golden.Brown+Mouth_Bored",3,3937,-0.0748975422219227,0.281049933877373,-0.625755412621574,0.475960328177728,-7.21614542655076
"Earring_No+Fur_Golden.Brown+Mouth_Bored",3,3946,-0.0790896406197836,0.26149233372989,-0.591614614730367,0.4334353334908,-7.60429033540222
"Earring_No+Fur_Golden.Brown+Mouth_Bored",3,3981,-0.040691515777521,0.268261402055879,-0.566483863807043,0.485100832252001,-3.98747322347627
"Earring_No+Fur_Golden.Brown+Mouth_Bored",3,4004,-0.0473286840708399,0.277590817364585,-0.591406686105426,0.496749317963746,-4.62261442084857
"Earring_No+Fur_Golden.Brown+Mouth_Bored",3,4009,-0.0350265779899763,0.303112740081494,-0.629127548549705,0.559074392569752,-3.44202472524642
"Earring_No+Fur_Golden.Brown+Mouth_Bored",3,4016,-0.0846303866923443,0.261015308808048,-0.596220391956119,0.42695961857143,-8.11481584864346
"Earring_No+Fur_Golden.Brown+Mouth_Bored",3,4020,-0.0788039147285756,0.272077911836206,-0.612076621927539,0.454468792470388,-7.57788671699543
"Earring_No+Fur_Golden.Brown+Mouth_Bored",3,4025,-0.0589657556159493,0.262300988647553,-0.573075693365152,0.455144182133254,-5.7260947877498
"Earring_No+Fur_Golden.Brown+Mouth_Bored",3,4026,-0.0574254353766501,0.262697451352426,-0.572312440027405,0.457461569274104,-5.58077088957559
"Earring_No+Fur_Golden.Brown+Mouth_Bored",3,4049,-0.0552275703074786,0.28743991572672,-0.61860980513185,0.508154664516893,-5.37302194561166
"Earring_No+Fur_Golden.Brown+Mouth_Bored",3,4056,-0.0356437813159372,0.263415924740658,-0.551938993807628,0.480651431175753,-3.50160224112227
"Earring_No+Fur_Golden.Brown+Mouth_Bored",3,4058,-0.0502079916098994,0.253774737245594,-0.547606476611263,0.447190493391464,-4.89684026647631
"Earring_No+Fur_Golden.Brown+Mouth_Bored",3,4064,-0.058186703156893,0.275586895458642,-0.598337018255832,0.481963611942046,-5.6526218541506
"Earring_No+Fur_Golden.Brown+Mouth_Bored",3,4065,-0.0594094970458775,0.262415090257028,-0.573743073949653,0.454924079857898,-5.76791874505601
"Earring_No+Fur_Golden.Brown+Mouth_Bored",3,4072,-0.0620499499278652,0.251345834265768,-0.55468778508877,0.43058788523304,-6.01640591188258
"Earring_No+Fur_Golden.Brown+Mouth_Bored",3,4081,-0.0354773428282238,0.254124565047659,-0.533561490321636,0.462606804665188,-3.48553985707015
"Earring_No+Fur_Golden.Brown+Mouth_Bored",3,4083,-0.0618690520523714,0.297442199465481,-0.644855763004714,0.521117658899972,-5.99940294152653
"Earring_No+Fur_Golden.Brown+Mouth_Bored",3,4099,-0.065522922921483,0.299092039538733,-0.6517433204174,0.520697474574434,-6.34224225807112
"Earring_No+Fur_Golden.Brown+Mouth_Bored",3,4101,-0.0626758655528717,0.272166120439483,-0.596121461614259,0.470769730508516,-6.07521330576334
"Earring_No+Fur_Golden.Brown+Mouth_Bored",3,4141,-0.0531809755531441,0.265750065248635,-0.574051103440468,0.46768915233418,-5.17916055852459
"Earring_No+Fur_Golden.Brown+Mouth_Bored",3,4155,-0.0661230088575957,0.275853384502224,-0.606795642481955,0.474549624766764,-6.39842810144663
"Earring_No+Fur_Golden.Brown+Mouth_Bored",3,4161,-0.0769285580730805,0.255814601644502,-0.578325177296305,0.424468061150144,-7.40439966753442
"Earring_No+Fur_Golden.Brown+Mouth_Bored",3,4175,-0.04974879974108,0.297763544327955,-0.633365346623871,0.533867747141711,-4.85315964070109
"Earring_No+Fur_Golden.Brown+Mouth_Bored",3,4225,-0.0521764315656158,0.259506536997406,-0.560809244080531,0.4564563809493,-5.083860996084
"Earring_No+Fur_Golden.Brown+Mouth_Bored",3,4239,-0.0679721423767389,0.275626536353419,-0.60820015362944,0.472255868875962,-6.57134997839673
"Earring_No+Fur_Golden.Brown+Mouth_Bored",3,4272,-0.0351119551471141,0.28532196099533,-0.594342998697962,0.524119088403733,-3.45026821876632
"Earring_No+Fur_Golden.Brown+Mouth_Bored",3,4307,-0.0732370349679136,0.276008797553373,-0.614214278172526,0.467740208236698,-7.06194917641091
"Earring_No+Fur_Golden.Brown+Mouth_Bored",3,4314,-0.0441700476290034,0.308237251041156,-0.648315059669669,0.559974964411662,-4.32087564435371
"Earring_No+Fur_Golden.Brown+Mouth_Bored",3,4315,-0.0842152891907729,0.252025568264188,-0.578185402988582,0.409754824607036,-8.07666662099404
"Earring_No+Fur_Golden.Brown+Mouth_Bored",3,4318,-0.0499403175686635,0.268957641397394,-0.577097294707556,0.477216659570229,-4.87138021203032
"Earring_No+Fur_Golden.Brown+Mouth_Bored",3,4322,-0.0843256391441012,0.268610473403295,-0.610802167014559,0.442150888726357,-8.08680979688242
"Earring_No+Fur_Golden.Brown+Mouth_Bored",3,4333,-0.0777966033991511,0.282210429799562,-0.630929045806293,0.475335839007991,-7.48474197019272
"Earring_No+Fur_Golden.Brown+Mouth_Bored",3,4402,-0.0707221855939094,0.263383345223426,-0.586953542231824,0.445509171044005,-6.82792983912139
"Earring_No+Fur_Golden.Brown+Mouth_Bored",3,4411,-0.0693657228338763,0.282275148666715,-0.622625014220637,0.483893568552885,-6.70145963900661
"Earring_No+Fur_Golden.Brown+Mouth_Bored",3,4452,-0.0553081998968757,0.259183865434838,-0.563308576149159,0.452692176355408,-5.38065137241517
"Earring_No+Fur_Golden.Brown+Mouth_Bored",3,4460,-0.0581207672088962,0.258053490526118,-0.563905608640088,0.447664074222295,-5.64640076523709
"Earring_No+Fur_Golden.Brown+Mouth_Bored",3,4508,-0.0523073585825868,0.275905155094904,-0.593081462568598,0.488466745403424,-5.09628726954098
"Earring_No+Fur_Golden.Brown+Mouth_Bored",3,4509,-0.0783550886925268,0.261157535267069,-0.590223857815982,0.433513680430929,-7.53639595587695
"Earring_No+Fur_Golden.Brown+Mouth_Bored",3,4526,-0.0598664012566068,0.248611827841113,-0.547145583825188,0.427412781311975,-5.81096394525172
"Earring_No+Fur_Golden.Brown+Mouth_Bored",3,4558,-0.0500185601992185,0.266729337093676,-0.572808060902823,0.472770940504385,-4.8788230343068
"Earring_No+Fur_Golden.Brown+Mouth_Bored",3,4560,-0.0509787484355762,0.31332060652983,-0.665087137234042,0.56312964036289,-4.97011343445974
"Earring_No+Fur_Golden.Brown+Mouth_Bored",3,4576,-0.0509278215457258,0.262001922451754,-0.564451589551165,0.462595946459713,-4.96527373465975
"Earring_No+Fur_Golden.Brown+Mouth_Bored",3,4579,-0.0385962359130349,0.245400214598052,-0.519580656525216,0.442388184699146,-3.78608920511994
"Earring_No+Fur_Golden.Brown+Mouth_Bored",3,4591,-0.070565484077529,0.311455875033942,-0.681018999144056,0.539888030988998,-6.81332849044602
"Earring_No+Fur_Golden.Brown+Mouth_Bored",3,4596,-0.0323138295825215,0.281218319148229,-0.58350173511305,0.518874075948007,-3.17973162484888
"Earring_No+Fur_Golden.Brown+Mouth_Bored",3,4613,-0.0484973926497494,0.286844321453555,-0.610712262698717,0.513717477399218,-4.73401767795746
"Earring_No+Fur_Golden.Brown+Mouth_Bored",3,4621,-0.061478111668878,0.278047895167072,-0.606451986196338,0.483495762858582,-5.96264712786607
"Earring_No+Fur_Golden.Brown+Mouth_Bored",3,4653,-0.0529917816589372,0.310979741120984,-0.662512074256065,0.556528510938191,-5.16121933752747
"Earring_No+Fur_Golden.Brown+Mouth_Bored",3,4658,-0.0871243944492323,0.239230250779215,-0.556015685976493,0.381766897078029,-8.34369268172558
"Earring_No+Fur_Golden.Brown+Mouth_Bored",3,4660,-0.0705397410731998,0.290771762561622,-0.640452395693978,0.499372913547579,-6.81092955468015
"Earring_No+Fur_Golden.Brown+Mouth_Bored",3,4677,-0.076907162171254,0.284789046892694,-0.635093694080933,0.481279369738425,-7.40241847996558
"Earring_No+Fur_Golden.Brown+Mouth_Bored",3,4688,-0.0577457458713594,0.220137107924643,-0.48921447740366,0.373722985660941,-5.61100951642872
"Earring_No+Fur_Golden.Brown+Mouth_Bored",3,4706,-0.068941020484974,0.256299598728798,-0.571288233993419,0.433406193023471,-6.66182711434871
"Earring_No+Fur_Golden.Brown+Mouth_Bored",3,4707,-0.0640912058870369,0.281733541958452,-0.616288948125604,0.48810653635153,-6.20805481460126
"Earring_No+Fur_Golden.Brown+Mouth_Bored",3,4714,-0.0472719530497588,0.260228175344091,-0.557319176724177,0.46277527062466,-4.61720341089201
"Earring_No+Fur_Golden.Brown+Mouth_Bored",3,4733,-0.0507529422326701,0.262478674127824,-0.565211143523206,0.463705259057866,-4.94865267371653
"Earring_No+Fur_Golden.Brown+Mouth_Bored",3,4741,-0.0417163445744555,0.251510978252486,-0.534677861949327,0.451245172800416,-4.08581922326945
"Earring_No+Fur_Golden.Brown+Mouth_Bored",3,4749,-0.0697779757840161,0.278155392081962,-0.614962544264662,0.47540659269663,-6.73991431044367
"Earring_No+Fur_Golden.Brown+Mouth_Bored",3,4751,-0.0169822578200168,0.254897737561929,-0.516581823441397,0.482617307801364,-1.68388720981478
"Earring_No+Fur_Golden.Brown+Mouth_Bored",3,4756,-0.0152258213469649,0.266567417255012,-0.537697959166789,0.507246316472859,-1.51104945859104
"Earring_No+Fur_Golden.Brown+Mouth_Bored",3,4757,-0.0868438939223038,0.279246342976441,-0.634166726156129,0.460478938311521,-8.31797943310519
"Earring_No+Fur_Golden.Brown+Mouth_Bored",3,4764,-0.0715246784218509,0.276872724280944,-0.6141952180125,0.471145861168798,-6.90266976405209
"Earring_No+Fur_Golden.Brown+Mouth_Bored",3,4770,-0.0859103430882282,0.275645983767995,-0.626176471273498,0.454355785097042,-8.23234964267307
"Earring_No+Fur_Golden.Brown+Mouth_Bored",3,4772,-0.0673283409277376,0.290744874087466,-0.63718829413917,0.502531612283695,-6.51118111181108
"Earring_No+Fur_Golden.Brown+Mouth_Bored",3,4779,-0.0439136481291593,0.269019714171048,-0.571192287904414,0.483364991646095,-4.29634041944812
"Earring_No+Fur_Golden.Brown+Mouth_Bored",3,4798,-0.0506754519380687,0.331109269106025,-0.699649619385878,0.598298715509741,-4.94128683142299
"Earring_No+Fur_Golden.Brown+Mouth_Bored",3,4799,-0.0447194216860463,0.282275967473203,-0.597980317933524,0.508541474561432,-4.37342483717199
"Earring_No+Fur_Golden.Brown+Mouth_Bored",3,4807,-0.0445517769075908,0.263713324935012,-0.561429893780215,0.472326339965033,-4.35739219730773
"Earring_No+Fur_Golden.Brown+Mouth_Bored",3,4815,-0.0440852050209333,0.28959223744517,-0.611685990413466,0.523515580371599,-4.31275763353378
"Earring_No+Fur_Golden.Brown+Mouth_Bored",3,4818,-0.0813286154678894,0.261391362920807,-0.593655686792672,0.430998455856893,-7.81093058792603
"Earring_No+Fur_Golden.Brown+Mouth_Bored",3,4821,-0.0643944936087451,0.225428529999956,-0.506234412408659,0.377445425191169,-6.2364964467542
"Earring_No+Fur_Golden.Brown+Mouth_Bored",3,4854,-0.0955432483263901,0.244311729668537,-0.574394238476722,0.383307741823942,-9.11209466942793
"Earring_No+Fur_Golden.Brown+Mouth_Bored",3,4860,-0.037287668972277,0.264147547495332,-0.555016862063128,0.480441524118574,-3.66010445044771
"Earring_No+Fur_Golden.Brown+Mouth_Bored",3,4973,-0.0637138594611485,0.256101141582759,-0.565672096963356,0.438244378041059,-6.17265608093566
"Earring_No+Fur_Golden.Brown+Mouth_Bored",3,5007,-0.0517146286780495,0.302806076644933,-0.645214538902118,0.541785281546019,-5.0400183264588
"Earring_No+Fur_Golden.Brown+Mouth_Bored",3,5033,-0.0472051719221368,0.282169441862956,-0.600257277973531,0.505846934129257,-4.61083342748508
"Earring_No+Fur_Golden.Brown+Mouth_Bored",3,5036,-0.0380394053345305,0.318027757254571,-0.661373809553489,0.585294998884428,-3.73249943868621
"Earring_No+Fur_Golden.Brown+Mouth_Bored",3,5071,-0.0662385130181895,0.298737645502743,-0.651764298203566,0.519287272167187,-6.4092388480839
"Earring_No+Fur_Golden.Brown+Mouth_Bored",3,5083,-0.068613609771434,0.269898856924234,-0.597615369342933,0.460388149800065,-6.63126219319542
"Earring_No+Fur_Golden.Brown+Mouth_Bored",3,5095,-0.0641413363352869,0.272631535546666,-0.598499146006752,0.470216473336178,-6.21275652900514
"Earring_No+Fur_Golden.Brown+Mouth_Bored",3,5135,-0.0583087288317819,0.291303790107413,-0.629264157442311,0.512646699778747,-5.66413395424267
"Earring_No+Fur_Golden.Brown+Mouth_Bored",3,5186,-0.0891959166804325,0.260905972502201,-0.600571622784746,0.422179789423881,-8.53336423771607
"Earring_No+Fur_Golden.Brown+Mouth_Bored",3,5194,-0.0733889778681611,0.238887259575086,-0.54160800663533,0.394830050899008,-7.07606938063684
"Earring_No+Fur_Golden.Brown+Mouth_Bored",3,5201,-0.0680300524585373,0.255400380492744,-0.568614798224315,0.43255469330724,-6.57676028250471
"Earring_No+Fur_Golden.Brown+Mouth_Bored",3,5204,-0.0440414323572259,0.284647854427371,-0.601951227034874,0.513868362320422,-4.30856905638066
"Earring_No+Fur_Golden.Brown+Mouth_Bored",3,5209,-0.0438051225441755,0.269394922592228,-0.571819170824942,0.484208925736591,-4.28595356019725
"Earring_No+Fur_Golden.Brown+Mouth_Bored",3,5230,-0.0701537833011439,0.275536204652554,-0.61020474442015,0.469897177817862,-6.77495556689759
"Earring_No+Fur_Golden.Brown+Mouth_Bored",3,5255,-0.0620750256038726,0.265627031882705,-0.582704008093975,0.45855395688623,-6.01876258449026
"Earring_No+Fur_Golden.Brown+Mouth_Bored",3,5278,-0.0624862143245849,0.253086092494504,-0.558534955613814,0.433562526964644,-6.05739866536938
"Earring_No+Fur_Golden.Brown+Mouth_Bored",3,5290,-0.0623137230877024,0.294861245139078,-0.640241763560296,0.515614317384891,-6.0411929922411
"Earring_No+Fur_Golden.Brown+Mouth_Bored",3,5293,-0.0591896746026359,0.265605031753656,-0.579775536839801,0.46139618763453,-5.74720214181906
"Earring_No+Fur_Golden.Brown+Mouth_Bored",3,5307,-0.0904279679745756,0.240707073198361,-0.562213831443362,0.381357895494211,-8.64598643227139
"Earring_No+Fur_Golden.Brown+Mouth_Bored",3,5316,-0.0309484708710588,0.317857646927455,-0.65394945884887,0.592052517106753,-3.04744694050411
"Earring_No+Fur_Golden.Brown+Mouth_Bored",3,5336,-0.0357801325411498,0.268313240077688,-0.561674083093417,0.490113818011118,-3.51475901889599
"Earring_No+Fur_Golden.Brown+Mouth_Bored",3,5343,-0.0659011966531873,0.307385917762244,-0.668377595467186,0.536575202160812,-6.37766382764818
"Earring_No+Fur_Golden.Brown+Mouth_Bored",3,5344,-0.0676678873671966,0.268132323655586,-0.593207241732145,0.457871466997751,-6.54291951875732
"Earring_No+Fur_Golden.Brown+Mouth_Bored",3,5367,-0.0515240209106451,0.276421395839768,-0.59330995675659,0.4902619149353,-5.02191649123884
"Earring_No+Fur_Golden.Brown+Mouth_Bored",3,5429,-0.0782376779952844,0.263446913013947,-0.594593627502621,0.438118271512052,-7.52553910231368
"Earring_No+Fur_Golden.Brown+Mouth_Bored",3,5441,-0.0582242111202313,0.307954915864402,-0.661815846214459,0.545367423973996,-5.6561605657858
"Earring_No+Fur_Golden.Brown+Mouth_Bored",3,5449,-0.0880995858127539,0.258388525220512,-0.594541095244957,0.418341923619449,-8.43303155270685
"Earring_No+Fur_Golden.Brown+Mouth_Bored",3,5452,-0.0574216415922847,0.258151610530945,-0.563398798232937,0.448555515048367,-5.58041268270092
"Earring_No+Fur_Golden.Brown+Mouth_Bored",3,5460,-0.071418469582341,0.285281113103944,-0.630569451266072,0.48773251210139,-6.89278147954394
"Earring_No+Fur_Golden.Brown+Mouth_Bored",3,5478,-0.0703924145342448,0.24131742273458,-0.543374563094022,0.402589734025533,-6.79719932007387
"Earring_No+Fur_Golden.Brown+Mouth_Bored",3,5490,-0.0637326253134649,0.235676002233491,-0.525657589691108,0.398192339064178,-6.17441681449399
"Earring_No+Fur_Golden.Brown+Mouth_Bored",3,5522,-0.0459469046178059,0.241698579859685,-0.519676121142789,0.427782311907177,-4.49073281450788
"Earring_No+Fur_Golden.Brown+Mouth_Bored",3,5524,-0.058012682469232,0.277714351896986,-0.602332812187325,0.486307447248861,-5.63620202987353
"Earring_No+Fur_Golden.Brown+Mouth_Bored",3,5541,-0.0274840993187011,0.245472914809775,-0.508611012345861,0.453642813708458,-2.71098479532875
"Earring_No+Fur_Golden.Brown+Mouth_Bored",3,5548,-0.0437418990133674,0.308585236591904,-0.648568962733499,0.561085164706764,-4.27990198893457
"Earring_No+Fur_Golden.Brown+Mouth_Bored",3,5553,-0.0654970883100169,0.265008838841904,-0.584914412440149,0.453920235820115,-6.33982261503393
"Earring_No+Fur_Golden.Brown+Mouth_Bored",3,5562,-0.0400131100100242,0.293911464379914,-0.616079580194655,0.536053360174606,-3.9223156724289
"Earring_No+Fur_Golden.Brown+Mouth_Bored",3,5569,-0.0344418479427966,0.287998660480614,-0.5989192224848,0.530035526599207,-3.38554786555918
"Earring_No+Fur_Golden.Brown+Mouth_Bored",3,5594,-0.0551329528760739,0.265303734759769,-0.575128273005222,0.464862367253074,-5.36406816042116
"Earring_No+Fur_Golden.Brown+Mouth_Bored",3,5612,-0.0426037318796773,0.244713959543611,-0.522243092585154,0.4370356288258,-4.17089449673989
"Earring_No+Fur_Golden.Brown+Mouth_Bored",3,5614,-0.0395374268375501,0.266302679267663,-0.561490678202169,0.482415824527069,-3.87660226305617
"Earring_No+Fur_Golden.Brown+Mouth_Bored",3,5619,-0.0630958775403368,0.272958800833967,-0.598095127174912,0.471903372094238,-6.11465455861571
"Earring_No+Fur_Golden.Brown+Mouth_Bored",3,5622,-0.0722919286561713,0.273787113783837,-0.608914671672492,0.46433081436015,-6.97407131755822
"Earring_No+Fur_Golden.Brown+Mouth_Bored",3,5638,-0.0252340612390241,0.286021743639176,-0.585836678771809,0.535368556293761,-2.49183435041807
"Earring_No+Fur_Golden.Brown+Mouth_Bored",3,5674,-0.0357689397423452,0.271293652896697,-0.567504499419872,0.495966619935182,-3.51367907296227
"Earring_No+Fur_Golden.Brown+Mouth_Bored",3,5677,-0.0566048797979574,0.24153517159416,-0.53001381612251,0.416804056526596,-5.50326286892271
"Earring_No+Fur_Golden.Brown+Mouth_Bored",3,5681,-0.0565703413120372,0.28814892592209,-0.621342236119334,0.50820155349526,-5.49999903833425
"Earring_No+Fur_Golden.Brown+Mouth_Bored",3,5722,-0.0681747008373899,0.267076359797763,-0.591644366041004,0.455294964366225,-6.59027282536973
"Earring_No+Fur_Golden.Brown+Mouth_Bored",3,5726,-0.0520939167021294,0.271691105553492,-0.584608483586974,0.480420650182715,-5.07602868069467
"Earring_No+Fur_Golden.Brown+Mouth_Bored",3,5727,-0.0519369323246939,0.269436865412017,-0.580033188532246,0.476159323882858,-5.06112593043452
"Earring_No+Fur_Golden.Brown+Mouth_Bored",3,5745,-0.0588994767870641,0.258230485213982,-0.56503122780647,0.447232274232341,-5.7198462166462
"Earring_No+Fur_Golden.Brown+Mouth_Bored",3,5747,-0.0441032773568292,0.315165427435197,-0.661827515129816,0.573620960416158,-4.31448690989269
"Earring_No+Fur_Golden.Brown+Mouth_Bored",3,5757,-0.0313695825136589,0.269342347145769,-0.559280582919366,0.496541417892049,-3.08826619404258
"Earring_No+Fur_Golden.Brown+Mouth_Bored",3,5763,0.0887620771869163,0.353450563471785,-0.604001027217782,0.781525181591615,9.28206184373495
"Earring_No+Fur_Golden.Brown+Mouth_Bored",3,5788,-0.061962199685201,0.269265221728143,-0.589722034272361,0.465797634901959,-6.00815846684254
"Earring_No+Fur_Golden.Brown+Mouth_Bored",3,5791,-0.0471832111695304,0.27918167177126,-0.594379287841201,0.50001286550214,-4.6087385865946
"Earring_No+Fur_Golden.Brown+Mouth_Bored",3,5796,-0.0565742991422962,0.275952670276411,-0.597441532884061,0.484292934599469,-5.50037305255738
"Earring_No+Fur_Golden.Brown+Mouth_Bored",3,5806,-0.0517465293361107,0.287124285425631,-0.614510128770347,0.511017070098126,-5.04304756404607
"Earring_No+Fur_Golden.Brown+Mouth_Bored",3,5813,-0.0576913206044466,0.284582456530899,-0.61547293540501,0.500090294196116,-5.60587223063022
"Earring_No+Fur_Golden.Brown+Mouth_Bored",3,5817,-0.0642083329151734,0.249808313025651,-0.553832626445449,0.425415960615102,-6.21903974307539
"Earring_No+Fur_Golden.Brown+Mouth_Bored",3,5818,-0.0327646372963982,0.297150293348646,-0.615179212259745,0.549649937666948,-3.22336911189509
"Earring_No+Fur_Golden.Brown+Mouth_Bored",3,5848,-0.0630770524670963,0.298757348691128,-0.648641455901708,0.522487350967515,-6.11288714347575
"Earring_No+Fur_Golden.Brown+Mouth_Bored",3,5856,-0.0677455456621122,0.31390706905736,-0.683003401014538,0.547512309690314,-6.5501769544716
"Earring_No+Fur_Golden.Brown+Mouth_Bored",3,5862,-0.0539524665511693,0.273813538553315,-0.590627002115667,0.482722069013329,-5.25228577123021
"Earring_No+Fur_Golden.Brown+Mouth_Bored",3,5870,-0.0470037537081747,0.248759305750221,-0.534571992978608,0.440564485562259,-4.59161837685709
"Earring_No+Fur_Golden.Brown+Mouth_Bored",3,5872,-0.0724803014104854,0.279119185203547,-0.619553904409437,0.474593301588466,-6.99159321759065
"Earring_No+Fur_Golden.Brown+Mouth_Bored",3,5882,-0.0741299000187021,0.272208670792471,-0.607658894771945,0.459399094734541,-7.14489327942401
"Earring_No+Fur_Golden.Brown+Mouth_Bored",3,5883,-0.0514264882763442,0.285706745134124,-0.611411708739227,0.508558732186539,-5.01265257679374
"Earring_No+Fur_Golden.Brown+Mouth_Bored",3,5900,-0.0444743531674159,0.290863629423402,-0.614567066837284,0.525618360502452,-4.34998690222244
"Earring_No+Fur_Golden.Brown+Mouth_Bored",3,5957,-0.0336149117580045,0.237499173897812,-0.499113292597716,0.431883469081707,-3.30562083639373
"Earring_No+Fur_Golden.Brown+Mouth_Bored",3,5974,-0.0564979601400892,0.256447106121502,-0.559134288138234,0.446138367858055,-5.49315876996522
"Earring_No+Fur_Golden.Brown+Mouth_Bored",3,6003,-0.0697123179851597,0.296064958679816,-0.649999636997598,0.510575001027279,-6.73379085747212
"Earring_No+Fur_Golden.Brown+Mouth_Bored",3,6050,-0.0512995227693448,0.268901772890531,-0.578346997634786,0.475747952096097,-5.0005916944278
"Earring_No+Fur_Golden.Brown+Mouth_Bored",3,6072,-0.0577473289945146,0.266866961898574,-0.580806574315719,0.46531191632669,-5.61115894570686
"Earring_No+Fur_Golden.Brown+Mouth_Bored",3,6073,-0.0672211512047716,0.279829190534421,-0.615686364652236,0.481244062242693,-6.50115953411856
"Earring_No+Fur_Golden.Brown+Mouth_Bored",3,6078,-0.0460726280234321,0.307714990161517,-0.649194008740006,0.557048752693142,-4.5027398100513
"Earring_No+Fur_Golden.Brown+Mouth_Bored",3,6095,-0.0721888493108552,0.257934086855833,-0.577739659548288,0.433361960926578,-6.96448177149863
"Earring_No+Fur_Golden.Brown+Mouth_Bored",3,6111,-0.0721419657715887,0.264457699052485,-0.590479055914459,0.446195124371282,-6.96011983487587
"Earring_No+Fur_Golden.Brown+Mouth_Bored",3,6115,-0.0619548792298499,0.272606201363464,-0.59626303390224,0.47235327544254,-6.00747040124475
"Earring_No+Fur_Golden.Brown+Mouth_Bored",3,6157,-0.0392180260748463,0.266531172739018,-0.561619124643321,0.483183072493628,-3.84589547288027
"Earring_No+Fur_Golden.Brown+Mouth_Bored",3,6163,-0.0502849554666137,0.271241311181772,-0.581917925382887,0.48134801444966,-4.90415949077364
"Earring_No+Fur_Golden.Brown+Mouth_Bored",3,6166,-0.0336408258741126,0.310695670337464,-0.642604339735542,0.575322687987317,-3.30812655329551
"Earring_No+Fur_Golden.Brown+Mouth_Bored",3,6200,-0.0550023597975063,0.300559860731884,-0.644099686831999,0.534094967236986,-5.35170855571727
"Earring_No+Fur_Golden.Brown+Mouth_Bored",3,6204,-0.0449168181483338,0.285400080432026,-0.604300975795104,0.514467339498437,-4.39229932187026
"Earring_No+Fur_Golden.Brown+Mouth_Bored",3,6253,-0.0832141246688115,0.269876062759052,-0.612171207676553,0.44574295833893,-7.98459015672081
"Earring_No+Fur_Golden.Brown+Mouth_Bored",3,6273,-0.0819275016934995,0.280020852834014,-0.630768373248167,0.466913369861168,-7.86612482256562
"Earring_No+Fur_Golden.Brown+Mouth_Bored",3,6306,-0.0721620911125224,0.276230227797716,-0.613573337596045,0.469249155371001,-6.96199227534281
"Earring_No+Fur_Golden.Brown+Mouth_Bored",3,6330,-0.0728734722544747,0.274925155616553,-0.611726777262918,0.465979832753968,-7.02815422355163
"Earring_No+Fur_Golden.Brown+Mouth_Bored",3,6335,-0.057226383671067,0.238490499206947,-0.524667762116684,0.41021499477455,-5.56197471033761
"Earring_No+Fur_Golden.Brown+Mouth_Bored",3,6346,-0.0466534418802048,0.262869934571953,-0.561878513641232,0.468571629880823,-4.55818983742251
"Earring_No+Fur_Golden.Brown+Mouth_Bored",3,6395,-0.0621596857312833,0.240743306546536,-0.534016566562494,0.409697195099928,-6.02671871123596
"Earring_No+Fur_Golden.Brown+Mouth_Bored",3,6410,-0.056060643875624,0.264755785923063,-0.574981984284827,0.462860696533579,-5.45182035286984
"Earring_No+Fur_Golden.Brown+Mouth_Bored",3,6462,-0.069494175581858,0.298296187435318,-0.654154702955081,0.515166351791365,-6.71344332321361
"Earring_No+Fur_Golden.Brown+Mouth_Bored",3,6476,-0.0383026255763511,0.270633385728515,-0.56874406160424,0.492138810451538,-3.75783565881415
"Earring_No+Fur_Golden.Brown+Mouth_Bored",3,6556,-0.0966767727738442,0.273854202948596,-0.633431010553092,0.440077465005403,-9.21505996423376
"Earring_No+Fur_Golden.Brown+Mouth_Bored",3,6582,-0.0811646983406899,0.275903126028271,-0.6219348253561,0.459605428674721,-7.79581798193517
"Earring_No+Fur_Golden.Brown+Mouth_Bored",3,6591,-0.0213218874233561,0.263388073091013,-0.537562510681742,0.49491873583503,-2.10961829762103
"Earring_No+Fur_Golden.Brown+Mouth_Bored",3,6614,-0.0437170305784283,0.28642183004658,-0.605103817469724,0.517669756312867,-4.27752155030604
"Earring_No+Fur_Golden.Brown+Mouth_Bored",3,6649,-0.0710124002725784,0.259657090072635,-0.579940296814942,0.437915496269786,-6.85496581821531
"Earring_No+Fur_Golden.Brown+Mouth_Bored",3,6651,-0.0610930011783757,0.243589378549672,-0.538528183135733,0.416342180778981,-5.92642538253656
"Earring_No+Fur_Golden.Brown+Mouth_Bored",3,6663,-0.0693528355011803,0.266725995481893,-0.592135786645691,0.453430115643331,-6.70025726192923
"Earring_No+Fur_Golden.Brown+Mouth_Bored",3,6673,-0.0391101094500856,0.21504595731061,-0.460600185778881,0.38237996687871,-3.83551828653743
"Earring_No+Fur_Golden.Brown+Mouth_Bored",3,6684,-0.0646220933076757,0.23242122152107,-0.520167687488973,0.390923500873621,-6.257834563567
"Earring_No+Fur_Golden.Brown+Mouth_Bored",3,6686,-0.0274563627093802,0.290715538038658,-0.59725881726515,0.54234609184639,-2.7082862904993
"Earring_No+Fur_Golden.Brown+Mouth_Bored",3,6687,-0.029511495231863,0.219980942869632,-0.460674143256342,0.401651152792616,-2.90802833702178
"Earring_No+Fur_Golden.Brown+Mouth_Bored",3,6689,-0.0562703497270099,0.291191191610393,-0.62700508528338,0.514464385829361,-5.47164558057395
"Earring_No+Fur_Golden.Brown+Mouth_Bored",3,6697,-0.0464699746026627,0.25201259263398,-0.540414656165264,0.447474706959939,-4.54067778195285
"Earring_No+Fur_Golden.Brown+Mouth_Bored",3,6700,-0.0632371245189227,0.260935494781406,-0.574670694290479,0.448196445252634,-6.12791464349728
"Earring_No+Fur_Golden.Brown+Mouth_Bored",3,6742,-0.077227033663897,0.273772475249448,-0.613821085152815,0.459367017825021,-7.43203306989747
"Earring_No+Fur_Golden.Brown+Mouth_Bored",3,6743,-0.0756122411780452,0.246934256058792,-0.559603383053277,0.408378900697187,-7.28243425945793
"Earring_No+Fur_Golden.Brown+Mouth_Bored",3,6761,-0.0575931168075558,0.249165673955833,-0.545957837760989,0.430771604145878,-5.59660191369635
"Earring_No+Fur_Golden.Brown+Mouth_Bored",3,6804,-0.0397779710666129,0.276226263063007,-0.581181446670107,0.501625504536881,-3.89972141095942
"Earring_No+Fur_Golden.Brown+Mouth_Bored",3,6812,-0.098073511278605,0.282154356545244,-0.651096050107284,0.454949027550074,-9.34177427165762
"Earring_No+Fur_Golden.Brown+Mouth_Bored",3,6862,-0.0621733167177538,0.327062462651384,-0.703215743514466,0.578869110078958,-6.02799965103153
"Earring_No+Fur_Golden.Brown+Mouth_Bored",3,6902,-0.0656375558795977,0.275335704287954,-0.605295536283988,0.474020424524792,-6.35297790855002
"Earring_No+Fur_Golden.Brown+Mouth_Bored",3,6920,-0.0232485756388646,0.302136348721129,-0.615435819132278,0.568938667854548,-2.29804096830165
"Earring_No+Fur_Golden.Brown+Mouth_Bored",3,6976,-0.0665664216698487,0.253682211158084,-0.563783555539693,0.430650712199996,-6.43992303730049
"Earring_No+Fur_Golden.Brown+Mouth_Bored",3,6982,-0.057288948306444,0.260152162555001,-0.567187186914246,0.452609290301358,-5.56788300612847
"Earring_No+Fur_Golden.Brown+Mouth_Bored",3,7006,-0.0737089741798235,0.284496383851376,-0.63132188652852,0.483903938168873,-7.10579993861207
"Earring_No+Fur_Golden.Brown+Mouth_Bored",3,7013,-0.0615977565916985,0.309294393530996,-0.66781476791245,0.544619254729053,-5.97389754665154
"Earring_No+Fur_Golden.Brown+Mouth_Bored",3,7035,-0.0567561178481956,0.261664291026023,-0.5696181282592,0.456105892562809,-5.5175532905453
"Earring_No+Fur_Golden.Brown+Mouth_Bored",3,7046,-0.0702795419005628,0.264735379617569,-0.589160885950999,0.448601802149873,-6.78667868075962
"Earring_No+Fur_Golden.Brown+Mouth_Bored",3,7085,-0.0679640648436717,0.301233730043663,-0.658382175729252,0.522454046041908,-6.5705953023388
"Earring_No+Fur_Golden.Brown+Mouth_Bored",3,7094,-0.0450064639952024,0.302173106243401,-0.637265752232268,0.547252824241863,-4.40086977100639
"Earring_No+Fur_Golden.Brown+Mouth_Bored",3,7119,-0.0453874870299024,0.288186669981487,-0.610233360193617,0.519458386133812,-4.4372883031305
"Earring_No+Fur_Golden.Brown+Mouth_Bored",3,7130,-0.0687612357513737,0.248971511454232,-0.556745398201669,0.419222926698921,-6.64504482724741
"Earring_No+Fur_Golden.Brown+Mouth_Bored",3,7133,-0.0666675520663699,0.261676354959654,-0.579553207787292,0.446218103654552,-6.44938432656226
"Earring_No+Fur_Golden.Brown+Mouth_Bored",3,7142,-0.0683969839626167,0.303167959965553,-0.662606185495101,0.525812217569868,-6.61103392394627
"Earring_No+Fur_Golden.Brown+Mouth_Bored",3,7149,-0.0615041814100014,0.302952203692517,-0.655290500647334,0.532282137827331,-5.96509862535628
"Earring_No+Fur_Golden.Brown+Mouth_Bored",3,7164,-0.0770029499515033,0.216070124224764,-0.50050039343204,0.346494493529034,-7.41128777196416
"Earring_No+Fur_Golden.Brown+Mouth_Bored",3,7166,-0.0374958822050554,0.288705707684136,-0.603359069265963,0.528367304855852,-3.68016160339082
"Earring_No+Fur_Golden.Brown+Mouth_Bored",3,7172,-0.046813243123895,0.320123359332924,-0.674255027416427,0.580628541168636,-4.57344033882954
"Earring_No+Fur_Golden.Brown+Mouth_Bored",3,7203,-0.0479274009428809,0.276475788388676,-0.589819946184686,0.493965144298924,-4.67970137963798
"Earring_No+Fur_Golden.Brown+Mouth_Bored",3,7229,-0.0810287861694146,0.261449238652042,-0.593469293927417,0.431411721588588,-7.78328545971456
"Earring_No+Fur_Golden.Brown+Mouth_Bored",3,7250,-0.058533010664733,0.250272362839275,-0.549066841829712,0.432000820500246,-5.68528940271238
"Earring_No+Fur_Golden.Brown+Mouth_Bored",3,7261,-0.0633090049030908,0.261561805651757,-0.575970143980534,0.449352134174353,-6.13466196255252
"Earring_No+Fur_Golden.Brown+Mouth_Bored",3,7266,-0.079777628746266,0.281447672854274,-0.631415067540643,0.471859810048111,-7.66783562488057
"Earring_No+Fur_Golden.Brown+Mouth_Bored",3,7282,-0.0616688284688752,0.297514558296361,-0.644797362729742,0.521459705791992,-5.98057992078925
"Earring_No+Fur_Golden.Brown+Mouth_Bored",3,7325,-0.0444409654867191,0.298546686621527,-0.629592471264913,0.540710540291474,-4.34679331681359
"Earring_No+Fur_Golden.Brown+Mouth_Bored",3,7365,-0.0411471405676812,0.27059664671373,-0.571516568126592,0.48922228699123,-4.03120894654514
"Earring_No+Fur_Golden.Brown+Mouth_Bored",3,7387,-0.0442855707996086,0.28139066073139,-0.595811265833133,0.507240124233916,-4.33192816173679
"Earring_No+Fur_Golden.Brown+Mouth_Bored",3,7391,-0.0623959227818955,0.251073481834983,-0.554499947178462,0.429708101614671,-6.04891606002262
"Earring_No+Fur_Golden.Brown+Mouth_Bored",3,7398,-0.0584219810826651,0.278206567042494,-0.603706852485954,0.486862890320624,-5.67481709845488
"Earring_No+Fur_Golden.Brown+Mouth_Bored",3,7431,-0.0874271906405323,0.260583606446682,-0.598171059276028,0.423316677994964,-8.37144166113553
"Earring_No+Fur_Golden.Brown+Mouth_Bored",3,7439,-0.0742853319481339,0.26482474888755,-0.593341839767732,0.444771175871464,-7.1593248062301
"Earring_No+Fur_Golden.Brown+Mouth_Bored",3,7465,-0.0721771295593318,0.247871241198196,-0.558004762307795,0.413650503189132,-6.96339141195278
"Earring_No+Fur_Golden.Brown+Mouth_Bored",3,7478,-0.0375404047571093,0.237998119061082,-0.504016718116831,0.428935908602612,-3.68444991294571
"Earring_No+Fur_Golden.Brown+Mouth_Bored",3,7492,-0.0650079319973054,0.307627313640533,-0.66795746673275,0.537941602738139,-6.29399694097126
"Earring_No+Fur_Golden.Brown+Mouth_Bored",3,7493,-0.0726748727702137,0.262153200111071,-0.586495144987914,0.441145399447486,-7.00968822932186
"Earring_No+Fur_Golden.Brown+Mouth_Bored",3,7607,-0.0496240923370088,0.284607342529715,-0.607454483695251,0.508206299021233,-4.84129338534473
"Earring_No+Fur_Golden.Brown+Mouth_Bored",3,7609,-0.0747031325428267,0.288841333183397,-0.640832145582285,0.491425880496631,-7.1981055936556
"Earring_No+Fur_Golden.Brown+Mouth_Bored",3,7622,-0.0739259838639685,0.26996078467647,-0.60304912182985,0.455197154101913,-7.1259566924418
"Earring_No+Fur_Golden.Brown+Mouth_Bored",3,7641,-0.0649139887170355,0.265211760315962,-0.58472903893632,0.454901061502249,-6.2851934781563
"Earring_No+Fur_Golden.Brown+Mouth_Bored",3,7691,-0.0434871025447866,0.27043774072007,-0.573545074356124,0.48657086926655,-4.25550973859148
"Earring_No+Fur_Golden.Brown+Mouth_Bored",3,7692,-0.0730927273354898,0.269283144575007,-0.600887690702504,0.454702236031524,-7.04853653858475
"Earring_No+Fur_Golden.Brown+Mouth_Bored",3,7693,-0.0692789436057584,0.267340014166605,-0.593265371372303,0.454707484160786,-6.6933629123808
"Earring_No+Fur_Golden.Brown+Mouth_Bored",3,7702,-0.0487858260846717,0.335937840128006,-0.707223992735564,0.60965234056622,-4.76149161007907
"Earring_No+Fur_Golden.Brown+Mouth_Bored",3,7718,-0.052712301504709,0.274216793952908,-0.590177217652408,0.48475261464299,-5.13471007624744
"Earring_No+Fur_Golden.Brown+Mouth_Bored",3,7734,-0.0859551528127691,0.231008881657063,-0.538732560860612,0.366822255235074,-8.23646163367807
"Earring_No+Fur_Golden.Brown+Mouth_Bored",3,7738,-0.0898437261999108,0.239221478319842,-0.558717823706801,0.37903037130698,-8.59259800690626
"Earring_No+Fur_Golden.Brown+Mouth_Bored",3,7752,-0.0586200989156372,0.309584178006481,-0.66540508780834,0.548164889977066,-5.69350274824469
"Earring_No+Fur_Golden.Brown+Mouth_Bored",3,7768,-0.0643981876096125,0.310980465961228,-0.673919900893619,0.545123525674394,-6.23684280857792
"Earring_No+Fur_Golden.Brown+Mouth_Bored",3,7791,-0.0714233659629453,0.282363681652928,-0.624856182002684,0.482009450076793,-6.89323736680673
"Earring_No+Fur_Golden.Brown+Mouth_Bored",3,7817,-0.0458693990507592,0.289929259788934,-0.614130748237069,0.52239195013555,-4.48333002772158
"Earring_No+Fur_Golden.Brown+Mouth_Bored",3,7857,-0.0705652414322466,0.285970473611724,-0.631067369711226,0.489936886846733,-6.81330587913705
"Earring_No+Fur_Golden.Brown+Mouth_Bored",3,7895,-0.0404055136812912,0.307163893738295,-0.642446745408349,0.561635718045767,-3.96000951240161
"Earring_No+Fur_Golden.Brown+Mouth_Bored",3,7911,-0.0606048105520159,0.297651836461757,-0.644002410017059,0.522792788913027,-5.88048833311403
"Earring_No+Fur_Golden.Brown+Mouth_Bored",3,7951,-0.0328569290594158,0.295639659353552,-0.612310661392378,0.546596803273547,-3.23230038563082
"Earring_No+Fur_Golden.Brown+Mouth_Bored",3,7953,-0.0663067333401981,0.268102318703955,-0.591787277999951,0.459173811319555,-6.4156234221654
"Earring_No+Fur_Golden.Brown+Mouth_Bored",3,8003,-0.0728475004767539,0.270231499479806,-0.602501239457173,0.456806238503666,-7.02573954808225
"Earring_No+Fur_Golden.Brown+Mouth_Bored",3,8071,-0.059440389948253,0.270161777955877,-0.588957474741773,0.470076694845267,-5.77082980257711
"Earring_No+Fur_Golden.Brown+Mouth_Bored",3,8091,-0.0417013210071176,0.29679241141293,-0.623414447376461,0.540011805362226,-4.08437823929156
"Earring_No+Fur_Golden.Brown+Mouth_Bored",3,8098,-0.0584732892393295,0.268663929524224,-0.585054591106809,0.468108012628149,-5.67965662556192
"Earring_No+Fur_Golden.Brown+Mouth_Bored",3,8105,-0.0475347090852396,0.273391938551581,-0.583382908646338,0.488313490475859,-4.64226252401605
"Earring_No+Fur_Golden.Brown+Mouth_Bored",3,8123,-0.0613988840428149,0.272057486953515,-0.594631558471704,0.471833790386074,-5.95519647649194
"Earring_No+Fur_Golden.Brown+Mouth_Bored",3,8178,-0.0526682812853207,0.224798083871747,-0.493272525673945,0.387935963103303,-5.1305339934573
"Earring_No+Fur_Golden.Brown+Mouth_Bored",3,8222,-0.055958506649112,0.293747243535521,-0.631703103978733,0.519786090680509,-5.44216297084821
"Earring_No+Fur_Golden.Brown+Mouth_Bored",3,8240,-0.0418181225365954,0.275492333183606,-0.581783095576463,0.498146850503272,-4.09558067637039
"Earring_No+Fur_Golden.Brown+Mouth_Bored",3,8255,-0.0608157282133775,0.266706800395588,-0.583561056988729,0.461929600561974,-5.90033770703796
"Earring_No+Fur_Golden.Brown+Mouth_Bored",3,8256,-0.059482273692704,0.280463828414667,-0.609191377385451,0.490226830000043,-5.77477639041198
"Earring_No+Fur_Golden.Brown+Mouth_Bored",3,8359,-0.070795225733943,0.274880243951921,-0.609560503879708,0.467970052411822,-6.83473489164914
"Earring_No+Fur_Golden.Brown+Mouth_Bored",3,8371,-0.0595066431318863,0.311164122874429,-0.669388323965766,0.550375037701994,-5.77707257828965
"Earring_No+Fur_Golden.Brown+Mouth_Bored",3,8382,-0.0775243301605721,0.294495624058026,-0.654735753314303,0.499687092993159,-7.45954911175603
"Earring_No+Fur_Golden.Brown+Mouth_Bored",3,8389,-0.0754274799616095,0.277621170811991,-0.619564974753112,0.468710014829893,-7.26530206659308
"Earring_No+Fur_Golden.Brown+Mouth_Bored",3,8396,-0.0513092941466392,0.26388831469436,-0.568530390947585,0.465911802654306,-5.00151996495385
"Earring_No+Fur_Golden.Brown+Mouth_Bored",3,8434,-0.0851793578020085,0.272827037226358,-0.61992035076567,0.449561635161654,-8.16524431699616
"Earring_No+Fur_Golden.Brown+Mouth_Bored",3,8450,-0.0489950615836653,0.273888186693414,-0.585815907502758,0.487825784335427,-4.78141680230397
"Earring_No+Fur_Golden.Brown+Mouth_Bored",3,8451,-0.0434767704693509,0.246216086925379,-0.526060300843093,0.439106759904391,-4.25452049418508
"Earring_No+Fur_Golden.Brown+Mouth_Bored",3,8464,-0.0678060465364832,0.273322084161629,-0.603517331493276,0.46790523842031,-6.55583057944932
"Earring_No+Fur_Golden.Brown+Mouth_Bored",3,8465,-0.0716216763999123,0.264712081850433,-0.59045735682676,0.447214004026936,-6.91169957890391
"Earring_No+Fur_Golden.Brown+Mouth_Bored",3,8483,-0.0460165191238334,0.240160448162121,-0.516730997521591,0.424697959273924,-4.4973814135419
"Earring_No+Fur_Golden.Brown+Mouth_Bored",3,8491,-0.0454657945080919,0.283303022031882,-0.600739717690581,0.509808128674397,-4.44477128510189
"Earring_No+Fur_Golden.Brown+Mouth_Bored",3,8493,-0.017535544996885,0.327217353323064,-0.658881557510091,0.623810467516321,-1.73826920848256
"Earring_No+Fur_Golden.Brown+Mouth_Bored",3,8517,-0.0745067206842483,0.250428276922139,-0.565346143451641,0.416332702083144,-7.17987641094042
"Earring_No+Fur_Golden.Brown+Mouth_Bored",3,8579,-0.0946477678210241,0.264150292818161,-0.612382341744619,0.423086806102571,-9.03066987031184
"Earring_No+Fur_Golden.Brown+Mouth_Bored",3,8583,-0.0468338419174048,0.307712092173275,-0.649949542577024,0.556281858742214,-4.57540599058225
"Earring_No+Fur_Golden.Brown+Mouth_Bored",3,8598,-0.0622653294095956,0.300875291376594,-0.651980900507719,0.527450241688528,-6.03664586995436
"Earring_No+Fur_Golden.Brown+Mouth_Bored",3,8600,-0.0555064469786143,0.290274549146854,-0.624444563306448,0.51343166934922,-5.39940752291911
"Earring_No+Fur_Golden.Brown+Mouth_Bored",3,8611,-0.0645129309801742,0.251060684219337,-0.556591872050075,0.427566010089726,-6.24760089204739
"Earring_No+Fur_Golden.Brown+Mouth_Bored",3,8643,-0.0620900718783635,0.268354282194918,-0.588064464980404,0.463884321223677,-6.02017664134723
"Earring_No+Fur_Golden.Brown+Mouth_Bored",3,8651,-0.0586405384625036,0.30271022310134,-0.65195257574113,0.534671498816123,-5.69543031061576
"Earring_No+Fur_Golden.Brown+Mouth_Bored",3,8666,-0.0730236171227013,0.310429155091598,-0.681464761102233,0.53541752685683,-7.04211242118242
"Earring_No+Fur_Golden.Brown+Mouth_Bored",3,8679,-0.0549132545013389,0.275758805092847,-0.595400512483319,0.485574003480642,-5.34327451592316
"Earring_No+Fur_Golden.Brown+Mouth_Bored",3,8693,-0.0731193524719313,0.263416196831709,-0.589415098262081,0.443176393318219,-7.05101135103559
"Earring_No+Fur_Golden.Brown+Mouth_Bored",3,8705,-0.0558023484294851,0.30549014731612,-0.65456303716908,0.542958340310109,-5.42739583439111
"Earring_No+Fur_Golden.Brown+Mouth_Bored",3,8706,-0.081248505879978,0.285786589717266,-0.64139022172582,0.478893209965864,-7.80354506374379
"Earring_No+Fur_Golden.Brown+Mouth_Bored",3,8715,-0.0535521464078604,0.28565736627621,-0.613440584309232,0.506336291493511,-5.21434875972365
"Earring_No+Fur_Golden.Brown+Mouth_Bored",3,8749,-0.0647788031092358,0.260178608960251,-0.574728876671328,0.445171270452856,-6.27252372871222
"Earring_No+Fur_Golden.Brown+Mouth_Bored",3,8753,-0.0469232350192577,0.278951932046422,-0.593669021830245,0.49982255179173,-4.58393590977017
"Earring_No+Fur_Golden.Brown+Mouth_Bored",3,8781,-0.07866160056987,0.258062183882849,-0.584463480980253,0.427140279840513,-7.56473280572607
"Earring_No+Fur_Golden.Brown+Mouth_Bored",3,8852,-0.0242862627032288,0.315510507359912,-0.642686857128655,0.594114331722198,-2.39937244307883
"Earring_No+Fur_Golden.Brown+Mouth_Bored",3,8869,-0.0447919084956886,0.296256086859057,-0.62545383873944,0.535870021748063,-4.38035625130148
"Earring_No+Fur_Golden.Brown+Mouth_Bored",3,8873,-0.0603376988826112,0.263753896416176,-0.577295335858315,0.456619938093093,-5.8553445552804
"Earring_No+Fur_Golden.Brown+Mouth_Bored",3,8874,-0.0506360512618774,0.272124880511463,-0.584000817064345,0.48272871454059,-4.9375413800601
"Earring_No+Fur_Golden.Brown+Mouth_Bored",3,8883,-0.0699721831245188,0.254088234842757,-0.567985123416323,0.428040757167285,-6.75802434505275
"Earring_No+Fur_Golden.Brown+Mouth_Bored",3,8886,-0.0373106117495337,0.316090099463342,-0.656847206697683,0.582225983198616,-3.66231472985715
"Earring_No+Fur_Golden.Brown+Mouth_Bored",3,8902,-0.0734850985619579,0.2448766999648,-0.553443430492965,0.406473233369049,-7.08500086406123
"Earring_No+Fur_Golden.Brown+Mouth_Bored",3,8912,-0.0745914775934819,0.262334272137198,-0.588766650982389,0.439583695795426,-7.18774322434241
"Earring_No+Fur_Golden.Brown+Mouth_Bored",3,8928,-0.0954091032076617,0.256938931533651,-0.599009409013618,0.408191202598295,-9.09990168277985
"Earring_No+Fur_Golden.Brown+Mouth_Bored",3,8938,-0.0729926617757888,0.283467847344391,-0.628589642570796,0.482604319019218,-7.03923483298603
"Earring_No+Fur_Golden.Brown+Mouth_Bored",3,8991,-0.08474416618076,0.262075037918375,-0.598411240500774,0.428922908139254,-8.12526990314942
"Earring_No+Fur_Golden.Brown+Mouth_Bored",3,9012,-0.0849182828876552,0.281936728262285,-0.637514270281735,0.467677704506424,-8.14126543601561
"Earring_No+Fur_Golden.Brown+Mouth_Bored",3,9015,-0.0594517959407655,0.314864079084294,-0.676585390945981,0.55768179906445,-5.77190457365743
"Earring_No+Fur_Golden.Brown+Mouth_Bored",3,9018,-0.0303578090547517,0.30795443033127,-0.633948492504041,0.573232874394537,-2.99016385361772
"Earring_No+Fur_Golden.Brown+Mouth_Bored",3,9021,-0.0595321444573342,0.291841705634065,-0.631541887500101,0.512477598585433,-5.77947535718933
"Earring_No+Fur_Golden.Brown+Mouth_Bored",3,9022,-0.0726438811908431,0.223523132817616,-0.510749221513371,0.365461459131684,-7.00680626803589
"Earring_No+Fur_Golden.Brown+Mouth_Bored",3,9024,-0.0604650814587766,0.244994806613087,-0.540654902420428,0.419724739502875,-5.8673361802449
"Earring_No+Fur_Golden.Brown+Mouth_Bored",3,9034,-0.0636835371510871,0.265271114967802,-0.58361492248798,0.456247848185806,-6.16981097598623
"Earring_No+Fur_Golden.Brown+Mouth_Bored",3,9076,-0.0437315417354878,0.288759798152125,-0.609700746113653,0.522237662642677,-4.27891058414668
"Earring_No+Fur_Golden.Brown+Mouth_Bored",3,9100,-0.0402340182261941,0.282365966880747,-0.593671313312459,0.513203276860071,-3.94353767814343
"Earring_No+Fur_Golden.Brown+Mouth_Bored",3,9103,-0.0584524335047616,0.237645094207471,-0.524236818151405,0.407331951141882,-5.67768948500315
"Earring_No+Fur_Golden.Brown+Mouth_Bored",3,9131,-0.0696039264009376,0.2631506061514,-0.585379114457681,0.446171261655806,-6.72368103740896
"Earring_No+Fur_Golden.Brown+Mouth_Bored",3,9132,-0.0905616483252279,0.263018673932572,-0.606078249233068,0.424954952582612,-8.65819785260695
"Earring_No+Fur_Golden.Brown+Mouth_Bored",3,9146,-0.072674019742964,0.278586557203356,-0.618703671861542,0.473355632375614,-7.00960890601814
"Earring_No+Fur_Golden.Brown+Mouth_Bored",3,9153,-0.0511120330212819,0.288710536169336,-0.61698468391318,0.514760617870616,-4.98277860946524
"Earring_No+Fur_Golden.Brown+Mouth_Bored",3,9154,-0.0366496533255449,0.281620828994508,-0.58862647815478,0.51532717150369,-3.59861847726181
"Earring_No+Fur_Golden.Brown+Mouth_Bored",3,9161,-0.0405229167483666,0.257417308546881,-0.545060841500254,0.464015008003521,-3.97128423998999
"Earring_No+Fur_Golden.Brown+Mouth_Bored",3,9179,-0.066671357015053,0.275466931785164,-0.606586543313975,0.473243829283869,-6.44974028117696
"Earring_No+Fur_Golden.Brown+Mouth_Bored",3,9205,-0.0312154037362079,0.29027509350594,-0.600154587007849,0.537723779535434,-3.07332330949549
"Earring_No+Fur_Golden.Brown+Mouth_Bored",3,9206,-0.0519571848637352,0.342082216776333,-0.722438329745348,0.618523960017878,-5.06304866421796
"Earring_No+Fur_Golden.Brown+Mouth_Bored",3,9217,-0.0425247894537411,0.265249275098677,-0.562413368647148,0.477363789739666,-4.16332921606929
"Earring_No+Fur_Golden.Brown+Mouth_Bored",3,9239,-0.0609035625841589,0.270585930833278,-0.591251987017383,0.469444861849065,-5.9086025286932
