bin,n,mean_cate_pct,sd_cate_pct,treatment,covariate
"(1.61,4]",806,-12.9397039914147,3.43475371127663,seller_N_total_value_high,log_price_1_sale
"(0.405,0.765]",824,-13.7982116032968,3.26846464273438,seller_N_total_value_high,log_price_1_sale
"(0.765,1.61]",872,-13.3852732716361,3.31483060053612,seller_N_total_value_high,log_price_1_sale
"[0.14,0.262]",912,-15.3911086340759,3.32213440728399,seller_N_total_value_high,log_price_1_sale
"(0.262,0.405]",792,-14.8192011987291,3.31703134498797,seller_N_total_value_high,log_price_1_sale
"(5.24,6.21]",841,-14.1200597474733,3.14022311205903,seller_N_total_value_high,log_buyern_total_value
"(7.22,8.44]",857,-14.349369878993,3.54786982853032,seller_N_total_value_high,log_buyern_total_value
"(8.44,10.1]",825,-15.0053017387192,3.46575289676515,seller_N_total_value_high,log_buyern_total_value
"(6.21,7.22]",841,-14.4073751668146,3.40379532137054,seller_N_total_value_high,log_buyern_total_value
"[3.86,5.24]",842,-12.5608406307334,3.20914493392396,seller_N_total_value_high,log_buyern_total_value
"(0.113,0.501]",841,-14.5248002409317,3.2671825337357,seller_N_total_value_high,log_buyern_rolling_avg_value_last10
"(1.39,3.05]",841,-13.5327012956754,3.70750773941493,seller_N_total_value_high,log_buyern_rolling_avg_value_last10
"(0.501,1.39]",841,-13.6242506743056,3.59713066308555,seller_N_total_value_high,log_buyern_rolling_avg_value_last10
"(0.00722,0.113]",833,-14.3235466653901,3.16415090926151,seller_N_total_value_high,log_buyern_rolling_avg_value_last10
"[0,0.00722]",850,-14.4220194271607,3.37982312164714,seller_N_total_value_high,log_buyern_rolling_avg_value_last10
"(1.34,2.51]",840,-12.4466358931008,3.46547704315323,seller_N_total_value_high,log_sellern_rolling_avg_value_last10
"[0,0.0184]",842,-15.1048515743253,3.16164781041067,seller_N_total_value_high,log_sellern_rolling_avg_value_last10
"(0.0184,0.131]",842,-15.0392615523991,3.10628991700307,seller_N_total_value_high,log_sellern_rolling_avg_value_last10
"(0.131,0.482]",841,-14.4149776409423,3.46318066778514,seller_N_total_value_high,log_sellern_rolling_avg_value_last10
"(0.482,1.34]",841,-13.4186336454162,3.29454430293308,seller_N_total_value_high,log_sellern_rolling_avg_value_last10
"(7.68,8.64]",843,-13.7440623082896,3.37417090368283,seller_N_total_value_high,log_sellern_1_total_value
"(5.7,6.69]",841,-14.4720271162238,3.48508901035522,seller_N_total_value_high,log_sellern_1_total_value
"(6.69,7.68]",841,-14.549691082436,3.52842526720084,seller_N_total_value_high,log_sellern_1_total_value
"[4.29,5.7]",842,-13.7807838353732,3.55002275565924,seller_N_total_value_high,log_sellern_1_total_value
"(8.64,10.2]",839,-13.8827830445636,3.23845800449076,seller_N_total_value_high,log_sellern_1_total_value
"(0.00755,0.0925]",841,-15.1716384431049,3.25524947591124,seller_N_total_value_high,log_sellern_1_rolling_avg_value_last10
"(0.382,1.1]",843,-13.0714143194899,3.29732134683873,seller_N_total_value_high,log_sellern_1_rolling_avg_value_last10
"[0,0.00755]",842,-15.1814757615164,3.11837699597481,seller_N_total_value_high,log_sellern_1_rolling_avg_value_last10
"(1.1,2.32]",839,-12.5158577907379,3.38819057627763,seller_N_total_value_high,log_sellern_1_rolling_avg_value_last10
"(0.0925,0.382]",841,-14.4856444888549,3.31405529859511,seller_N_total_value_high,log_sellern_1_rolling_avg_value_last10
"[0.0444,0.404]",842,-12.6922301161443,3.47905404282549,seller_N_total_value_high,log_buyern_avg_total_gaspaid
"(1.09,1.86]",841,-13.9370103709712,3.40401805620692,seller_N_total_value_high,log_buyern_avg_total_gaspaid
"(2.91,4.8]",841,-15.087407070413,3.266915450056,seller_N_total_value_high,log_buyern_avg_total_gaspaid
"(1.86,2.91]",841,-14.6760704614138,3.25229990359629,seller_N_total_value_high,log_buyern_avg_total_gaspaid
"(0.404,1.09]",841,-14.0375938295927,3.37999149827685,seller_N_total_value_high,log_buyern_avg_total_gaspaid
"(3.38,4.74]",837,-15.8037252982284,2.2361412583272,seller_N_total_value_high,log_sellern_avg_total_gaspaid
"(1.71,2.47]",846,-15.3319285074562,2.94829188580112,seller_N_total_value_high,log_sellern_avg_total_gaspaid
"[0.221,0.984]",847,-10.4690081417708,2.58698174306813,seller_N_total_value_high,log_sellern_avg_total_gaspaid
"(2.47,3.38]",840,-15.7479481049547,2.65671392876795,seller_N_total_value_high,log_sellern_avg_total_gaspaid
"(0.984,1.71]",836,-13.0987184193386,3.29104922386181,seller_N_total_value_high,log_sellern_avg_total_gaspaid
"(3.71,5.06]",840,-14.2396576136017,3.11520314921639,seller_N_total_value_high,log_sellern_1_avg_total_gaspaid
"(1.8,2.77]",842,-14.7232456475656,3.47336570207178,seller_N_total_value_high,log_sellern_1_avg_total_gaspaid
"(0.917,1.8]",832,-13.6861377071728,3.43448380041074,seller_N_total_value_high,log_sellern_1_avg_total_gaspaid
"[0.149,0.917]",851,-12.6245392081792,3.53620925229023,seller_N_total_value_high,log_sellern_1_avg_total_gaspaid
"(2.77,3.71]",841,-15.1675978900477,3.11221428953329,seller_N_total_value_high,log_sellern_1_avg_total_gaspaid
"(0.00469,0.00827]",842,-13.8281532894774,3.4174955533875,seller_N_total_value_high,log_buyern_avg_gasLimit_cost
"(0.00827,0.0119]",840,-14.1374586788157,3.09209970117849,seller_N_total_value_high,log_buyern_avg_gasLimit_cost
"(0.0119,0.0182]",841,-14.8902199733083,3.13176503794973,seller_N_total_value_high,log_buyern_avg_gasLimit_cost
"[0.00188,0.00469]",842,-12.3218137005758,3.58924559179072,seller_N_total_value_high,log_buyern_avg_gasLimit_cost
"(0.0182,0.0298]",841,-15.2534744368036,3.24875853916368,seller_N_total_value_high,log_buyern_avg_gasLimit_cost
"(0.0171,0.028]",841,-15.8261181855945,2.28041807103922,seller_N_total_value_high,log_sellern_avg_gasLimit_cost
"(0.0121,0.0171]",841,-15.84193489665,2.43758919490568,seller_N_total_value_high,log_sellern_avg_gasLimit_cost
"(0.00462,0.00856]",844,-13.3447885150616,2.99322286669423,seller_N_total_value_high,log_sellern_avg_gasLimit_cost
"(0.00856,0.0121]",838,-15.6563033027436,2.65226513589439,seller_N_total_value_high,log_sellern_avg_gasLimit_cost
"[0.00186,0.00462]",842,-9.77288382203722,2.18587345730725,seller_N_total_value_high,log_sellern_avg_gasLimit_cost
"(0.0133,0.0192]",841,-14.7460932573962,3.15553076104712,seller_N_total_value_high,log_sellern_1_avg_gasLimit_cost
"(0.00911,0.0133]",840,-14.7248930516535,3.24222483763913,seller_N_total_value_high,log_sellern_1_avg_gasLimit_cost
"[0.00211,0.00478]",842,-12.9350801683766,3.78600085598639,seller_N_total_value_high,log_sellern_1_avg_gasLimit_cost
"(0.0192,0.0295]",841,-14.3656832022697,3.1034454026205,seller_N_total_value_high,log_sellern_1_avg_gasLimit_cost
"(0.00478,0.00911]",842,-13.6595401745761,3.58012608273762,seller_N_total_value_high,log_sellern_1_avg_gasLimit_cost
"(-0.00464,0]",1041,-14.9023365881963,3.14256917238102,seller_N_total_value_high,`log_price_change_n-1`
"(0.655,4.4]",841,-14.6250681904754,3.23447016776792,seller_N_total_value_high,`log_price_change_n-1`
"(0,0.0881]",641,-13.7465612535421,3.47395291749273,seller_N_total_value_high,`log_price_change_n-1`
"(0.0881,0.655]",841,-14.7181552957571,3.31921156632405,seller_N_total_value_high,`log_price_change_n-1`
"[-4.27,-0.00464]",842,-12.1639612719475,3.38850554283451,seller_N_total_value_high,`log_price_change_n-1`
"(1.61,4]",806,-19.9227366178103,6.74240430624077,seller_N_1_total_value_high,log_price_1_sale
"(0.405,0.765]",824,-19.9116756266673,6.62461932251898,seller_N_1_total_value_high,log_price_1_sale
"(0.765,1.61]",872,-19.7036114659623,6.43270446787853,seller_N_1_total_value_high,log_price_1_sale
"[0.14,0.262]",912,-18.8679631689324,6.11410613165233,seller_N_1_total_value_high,log_price_1_sale
"(0.262,0.405]",792,-19.6937314662018,6.52982029645224,seller_N_1_total_value_high,log_price_1_sale
"(5.24,6.21]",841,-18.8267470566468,6.31988605776902,seller_N_1_total_value_high,log_buyern_total_value
"(7.22,8.44]",857,-20.7215372741468,6.59977084413258,seller_N_1_total_value_high,log_buyern_total_value
"(8.44,10.1]",825,-21.4588927108478,6.45143402790098,seller_N_1_total_value_high,log_buyern_total_value
"(6.21,7.22]",841,-19.7039866449782,6.5883936593525,seller_N_1_total_value_high,log_buyern_total_value
"[3.86,5.24]",842,-17.3221168485586,5.64548488406914,seller_N_1_total_value_high,log_buyern_total_value
"(0.113,0.501]",841,-19.6993410465053,6.4156347885087,seller_N_1_total_value_high,log_buyern_rolling_avg_value_last10
"(1.39,3.05]",841,-20.410593643343,7.08331260541389,seller_N_1_total_value_high,log_buyern_rolling_avg_value_last10
"(0.501,1.39]",841,-19.5781095016974,6.45624960905657,seller_N_1_total_value_high,log_buyern_rolling_avg_value_last10
"(0.00722,0.113]",833,-18.8828904077086,6.03259806227859,seller_N_1_total_value_high,log_buyern_rolling_avg_value_last10
"[0,0.00722]",850,-19.4404946885118,6.34523803930854,seller_N_1_total_value_high,log_buyern_rolling_avg_value_last10
"(7.93,8.98]",842,-18.7215133928785,6.35204749167674,seller_N_1_total_value_high,log_sellern_total_value
"(7.07,7.93]",840,-19.8583977681831,6.49825212913094,seller_N_1_total_value_high,log_sellern_total_value
"(6.11,7.07]",842,-21.1077928003077,6.65378694688575,seller_N_1_total_value_high,log_sellern_total_value
"[4.65,6.11]",842,-20.6128298440068,6.49983680304038,seller_N_1_total_value_high,log_sellern_total_value
"(8.98,10.5]",840,-17.7121198706618,5.83879658480662,seller_N_1_total_value_high,log_sellern_total_value
"(1.34,2.51]",840,-18.9221014691763,6.52910936272805,seller_N_1_total_value_high,log_sellern_rolling_avg_value_last10
"[0,0.0184]",842,-19.9164174268696,6.34209132858504,seller_N_1_total_value_high,log_sellern_rolling_avg_value_last10
"(0.0184,0.131]",842,-19.4399948604504,6.30751408470089,seller_N_1_total_value_high,log_sellern_rolling_avg_value_last10
"(0.131,0.482]",841,-20.1804189145518,6.60336788951367,seller_N_1_total_value_high,log_sellern_rolling_avg_value_last10
"(0.482,1.34]",841,-19.5566191115061,6.61437820092884,seller_N_1_total_value_high,log_sellern_rolling_avg_value_last10
"(0.00755,0.0925]",841,-21.014482248605,6.57467118169626,seller_N_1_total_value_high,log_sellern_1_rolling_avg_value_last10
"(0.382,1.1]",843,-17.9888660736807,5.95434820494823,seller_N_1_total_value_high,log_sellern_1_rolling_avg_value_last10
"[0,0.00755]",842,-21.462727994591,6.40408355322592,seller_N_1_total_value_high,log_sellern_1_rolling_avg_value_last10
"(1.1,2.32]",839,-17.4832063189156,6.05849438317294,seller_N_1_total_value_high,log_sellern_1_rolling_avg_value_last10
"(0.0925,0.382]",841,-20.0638437761485,6.46055013789025,seller_N_1_total_value_high,log_sellern_1_rolling_avg_value_last10
"[0.0444,0.404]",842,-18.9783821809042,6.58247599959018,seller_N_1_total_value_high,log_buyern_avg_total_gaspaid
"(1.09,1.86]",841,-19.672106896542,6.55810132634682,seller_N_1_total_value_high,log_buyern_avg_total_gaspaid
"(2.91,4.8]",841,-20.0691475607508,6.11462643675959,seller_N_1_total_value_high,log_buyern_avg_total_gaspaid
"(1.86,2.91]",841,-19.7174731102796,6.56033881868391,seller_N_1_total_value_high,log_buyern_avg_total_gaspaid
"(0.404,1.09]",841,-19.5801732215179,6.59672302760628,seller_N_1_total_value_high,log_buyern_avg_total_gaspaid
"(3.38,4.74]",837,-19.3848354914286,6.04756865382264,seller_N_1_total_value_high,log_sellern_avg_total_gaspaid
"(1.71,2.47]",846,-20.0821527044497,6.79284918285431,seller_N_1_total_value_high,log_sellern_avg_total_gaspaid
"[0.221,0.984]",847,-19.3715140689787,6.26464494901596,seller_N_1_total_value_high,log_sellern_avg_total_gaspaid
"(2.47,3.38]",840,-20.0956155364231,6.55820577992165,seller_N_1_total_value_high,log_sellern_avg_total_gaspaid
"(0.984,1.71]",836,-19.0776499983679,6.71391844312707,seller_N_1_total_value_high,log_sellern_avg_total_gaspaid
"(3.71,5.06]",840,-19.2650283078345,6.26414867102572,seller_N_1_total_value_high,log_sellern_1_avg_total_gaspaid
"(1.8,2.77]",842,-21.0705591941313,6.55061434264462,seller_N_1_total_value_high,log_sellern_1_avg_total_gaspaid
"(0.917,1.8]",832,-19.6344044000476,6.16026583831971,seller_N_1_total_value_high,log_sellern_1_avg_total_gaspaid
"[0.149,0.917]",851,-16.8312881717168,5.79676353516013,seller_N_1_total_value_high,log_sellern_1_avg_total_gaspaid
"(2.77,3.71]",841,-21.2464067121713,6.67079228911739,seller_N_1_total_value_high,log_sellern_1_avg_total_gaspaid
"(0.00469,0.00827]",842,-19.3032107976517,6.51602226889645,seller_N_1_total_value_high,log_buyern_avg_gasLimit_cost
"(0.00827,0.0119]",840,-19.2186620044664,6.24563439579212,seller_N_1_total_value_high,log_buyern_avg_gasLimit_cost
"(0.0119,0.0182]",841,-20.0350478774756,6.47687464127796,seller_N_1_total_value_high,log_buyern_avg_gasLimit_cost
"[0.00188,0.00469]",842,-18.388599203274,6.5619801825122,seller_N_1_total_value_high,log_buyern_avg_gasLimit_cost
"(0.0182,0.0298]",841,-21.0723638412105,6.35325491628256,seller_N_1_total_value_high,log_buyern_avg_gasLimit_cost
"(0.0171,0.028]",841,-20.6393665059752,6.23449301972644,seller_N_1_total_value_high,log_sellern_avg_gasLimit_cost
"(0.0121,0.0171]",841,-21.156042528113,6.46207717852318,seller_N_1_total_value_high,log_sellern_avg_gasLimit_cost
"(0.00462,0.00856]",844,-19.1335842048906,6.27746678687443,seller_N_1_total_value_high,log_sellern_avg_gasLimit_cost
"(0.00856,0.0121]",838,-21.1156874172407,6.60049683144778,seller_N_1_total_value_high,log_sellern_avg_gasLimit_cost
"[0.00186,0.00462]",842,-15.983234249053,5.31152791465175,seller_N_1_total_value_high,log_sellern_avg_gasLimit_cost
"(0.0133,0.0192]",841,-20.8493633839787,6.6001666658406,seller_N_1_total_value_high,log_sellern_1_avg_gasLimit_cost
"(0.00911,0.0133]",840,-20.1970629235979,6.32150140682382,seller_N_1_total_value_high,log_sellern_1_avg_gasLimit_cost
"[0.00211,0.00478]",842,-18.1470051580222,6.65830779450436,seller_N_1_total_value_high,log_sellern_1_avg_gasLimit_cost
"(0.0192,0.0295]",841,-19.8274047110167,6.41668554062919,seller_N_1_total_value_high,log_sellern_1_avg_gasLimit_cost
"(0.00478,0.00911]",842,-18.9988600869099,6.11801370394611,seller_N_1_total_value_high,log_sellern_1_avg_gasLimit_cost
"(-0.00464,0]",1041,-20.6632975643427,6.86263306934643,seller_N_1_total_value_high,`log_price_change_n-1`
"(0.655,4.4]",841,-20.6852814278397,6.14084805212457,seller_N_1_total_value_high,`log_price_change_n-1`
"(0,0.0881]",641,-19.5096780321463,6.39370269925585,seller_N_1_total_value_high,`log_price_change_n-1`
"(0.0881,0.655]",841,-20.2747666058516,6.36321878036388,seller_N_1_total_value_high,`log_price_change_n-1`
"[-4.27,-0.00464]",842,-16.6127275303151,5.59278881058255,seller_N_1_total_value_high,`log_price_change_n-1`
"(1.61,4]",806,6.31864793637149,5.05046804100454,buyer_N_total_value_high,log_price_1_sale
"(0.405,0.765]",824,7.67439429454713,5.27558336662708,buyer_N_total_value_high,log_price_1_sale
"(0.765,1.61]",872,7.83532369273953,5.2969897159051,buyer_N_total_value_high,log_price_1_sale
"[0.14,0.262]",912,6.45545514828473,4.91977724308659,buyer_N_total_value_high,log_price_1_sale
"(0.262,0.405]",792,6.77157882999179,5.07982482941653,buyer_N_total_value_high,log_price_1_sale
"(0.113,0.501]",841,8.22194027177379,4.89700764820443,buyer_N_total_value_high,log_buyern_rolling_avg_value_last10
"(1.39,3.05]",841,4.60344915585888,4.85324917058424,buyer_N_total_value_high,log_buyern_rolling_avg_value_last10
"(0.501,1.39]",841,6.37579802729209,5.06100032798211,buyer_N_total_value_high,log_buyern_rolling_avg_value_last10
"(0.00722,0.113]",833,8.59545720405071,4.84027308023491,buyer_N_total_value_high,log_buyern_rolling_avg_value_last10
"[0,0.00722]",850,7.2837463806051,5.14439957058135,buyer_N_total_value_high,log_buyern_rolling_avg_value_last10
"(7.93,8.98]",842,6.49412005948232,5.22392325661685,buyer_N_total_value_high,log_sellern_total_value
"(7.07,7.93]",840,7.71892783525769,5.42793415777463,buyer_N_total_value_high,log_sellern_total_value
"(6.11,7.07]",842,7.61908506642132,5.50535296752119,buyer_N_total_value_high,log_sellern_total_value
"[4.65,6.11]",842,6.88554075990934,4.6696953909374,buyer_N_total_value_high,log_sellern_total_value
"(8.98,10.5]",840,6.35066131739204,4.78033491144619,buyer_N_total_value_high,log_sellern_total_value
"(1.34,2.51]",840,3.2959858196564,4.24010356108438,buyer_N_total_value_high,log_sellern_rolling_avg_value_last10
"[0,0.0184]",842,9.06373961521158,4.61725794062173,buyer_N_total_value_high,log_sellern_rolling_avg_value_last10
"(0.0184,0.131]",842,9.57618718117465,4.64454214814102,buyer_N_total_value_high,log_sellern_rolling_avg_value_last10
"(0.131,0.482]",841,8.09125061657649,4.76435847028916,buyer_N_total_value_high,log_sellern_rolling_avg_value_last10
"(0.482,1.34]",841,5.03116611708785,4.47552372637534,buyer_N_total_value_high,log_sellern_rolling_avg_value_last10
"(7.68,8.64]",843,6.0762639917361,4.93474726060327,buyer_N_total_value_high,log_sellern_1_total_value
"(5.7,6.69]",841,8.7841903406141,5.52052702538794,buyer_N_total_value_high,log_sellern_1_total_value
"(6.69,7.68]",841,7.57947362453781,5.06066599683933,buyer_N_total_value_high,log_sellern_1_total_value
"[4.29,5.7]",842,6.33782712159234,4.90458546183847,buyer_N_total_value_high,log_sellern_1_total_value
"(8.64,10.2]",839,6.29179564716716,4.84757219656373,buyer_N_total_value_high,log_sellern_1_total_value
"(0.00755,0.0925]",841,8.59770698924002,4.67981178179048,buyer_N_total_value_high,log_sellern_1_rolling_avg_value_last10
"(0.382,1.1]",843,5.46427974918759,4.90046438492949,buyer_N_total_value_high,log_sellern_1_rolling_avg_value_last10
"[0,0.00755]",842,8.74750689687545,5.08634242069434,buyer_N_total_value_high,log_sellern_1_rolling_avg_value_last10
"(1.1,2.32]",839,4.15907521345228,4.55945404976113,buyer_N_total_value_high,log_sellern_1_rolling_avg_value_last10
"(0.0925,0.382]",841,8.09450012640749,4.84619497402033,buyer_N_total_value_high,log_sellern_1_rolling_avg_value_last10
"[0.0444,0.404]",842,2.41969823530797,4.51960230697892,buyer_N_total_value_high,log_buyern_avg_total_gaspaid
"(1.09,1.86]",841,7.87585255604227,4.72698614283376,buyer_N_total_value_high,log_buyern_avg_total_gaspaid
"(2.91,4.8]",841,8.94786536189433,4.19583418817716,buyer_N_total_value_high,log_buyern_avg_total_gaspaid
"(1.86,2.91]",841,9.3158435825672,4.50253711256363,buyer_N_total_value_high,log_buyern_avg_total_gaspaid
"(0.404,1.09]",841,6.51443732226787,4.63337880803413,buyer_N_total_value_high,log_buyern_avg_total_gaspaid
"(3.38,4.74]",837,9.74458210352507,4.48913828427108,buyer_N_total_value_high,log_sellern_avg_total_gaspaid
"(1.71,2.47]",846,6.91328025696475,4.65124189362522,buyer_N_total_value_high,log_sellern_avg_total_gaspaid
"[0.221,0.984]",847,3.52676013703944,3.94737174465931,buyer_N_total_value_high,log_sellern_avg_total_gaspaid
"(2.47,3.38]",840,10.4490608635579,4.42239888821114,buyer_N_total_value_high,log_sellern_avg_total_gaspaid
"(0.984,1.71]",836,4.46192780451748,4.29203564904666,buyer_N_total_value_high,log_sellern_avg_total_gaspaid
"(3.71,5.06]",840,7.69917656690317,4.91283241814773,buyer_N_total_value_high,log_sellern_1_avg_total_gaspaid
"(1.8,2.77]",842,7.69821416621296,5.08548027856725,buyer_N_total_value_high,log_sellern_1_avg_total_gaspaid
"(0.917,1.8]",832,6.05383553089387,4.7118883548606,buyer_N_total_value_high,log_sellern_1_avg_total_gaspaid
"[0.149,0.917]",851,3.97099071742828,4.29890002678998,buyer_N_total_value_high,log_sellern_1_avg_total_gaspaid
"(2.77,3.71]",841,9.6719262992808,4.93673967451173,buyer_N_total_value_high,log_sellern_1_avg_total_gaspaid
"(0.00469,0.00827]",842,6.1409120376749,3.5827466494078,buyer_N_total_value_high,log_buyern_avg_gasLimit_cost
"(0.00827,0.0119]",840,8.88077050503139,3.87825713622267,buyer_N_total_value_high,log_buyern_avg_gasLimit_cost
"(0.0119,0.0182]",841,10.2095471655019,3.80571639710667,buyer_N_total_value_high,log_buyern_avg_gasLimit_cost
"[0.00188,0.00469]",842,0.136550179120208,2.55891610305567,buyer_N_total_value_high,log_buyern_avg_gasLimit_cost
"(0.0182,0.0298]",841,9.71188983011332,3.90596920780334,buyer_N_total_value_high,log_buyern_avg_gasLimit_cost
"(0.0171,0.028]",841,9.18017978358828,4.31145258027684,buyer_N_total_value_high,log_sellern_avg_gasLimit_cost
"(0.0121,0.0171]",841,9.23668209012974,4.58402424556193,buyer_N_total_value_high,log_sellern_avg_gasLimit_cost
"(0.00462,0.00856]",844,5.99317658677779,4.45677496305736,buyer_N_total_value_high,log_sellern_avg_gasLimit_cost
"(0.00856,0.0121]",838,8.55308987531442,4.72434974877681,buyer_N_total_value_high,log_sellern_avg_gasLimit_cost
"[0.00186,0.00462]",842,2.12005669065262,3.80622378797184,buyer_N_total_value_high,log_sellern_avg_gasLimit_cost
"(0.0133,0.0192]",841,8.62765997067364,4.78386969778355,buyer_N_total_value_high,log_sellern_1_avg_gasLimit_cost
"(0.00911,0.0133]",840,8.09879248495438,4.6238263995511,buyer_N_total_value_high,log_sellern_1_avg_gasLimit_cost
"[0.00211,0.00478]",842,4.99564174077951,5.66030071477246,buyer_N_total_value_high,log_sellern_1_avg_gasLimit_cost
"(0.0192,0.0295]",841,8.10960505914919,4.84287255607565,buyer_N_total_value_high,log_sellern_1_avg_gasLimit_cost
"(0.00478,0.00911]",842,5.24233135498964,4.61855770316544,buyer_N_total_value_high,log_sellern_1_avg_gasLimit_cost
"(-0.00464,0]",1041,10.2571815570647,4.74503789219271,buyer_N_total_value_high,`log_price_change_n-1`
"(0.655,4.4]",841,6.72716509544767,4.39279700208408,buyer_N_total_value_high,`log_price_change_n-1`
"(0,0.0881]",641,5.17568528607587,4.81815601916171,buyer_N_total_value_high,`log_price_change_n-1`
"(0.0881,0.655]",841,7.76770942466456,4.66952291189877,buyer_N_total_value_high,`log_price_change_n-1`
"[-4.27,-0.00464]",842,3.93571161922442,4.57046161197634,buyer_N_total_value_high,`log_price_change_n-1`
"(1.61,4]",806,-8.23396988693517,2.12428457169083,buyer_N_gaspaid_high,log_price_1_sale
"(0.405,0.765]",824,-9.01566978392314,2.12807097058355,buyer_N_gaspaid_high,log_price_1_sale
"(0.765,1.61]",872,-8.6733384212839,2.09349881028275,buyer_N_gaspaid_high,log_price_1_sale
"[0.14,0.262]",912,-9.24008367338115,2.0481980513105,buyer_N_gaspaid_high,log_price_1_sale
"(0.262,0.405]",792,-9.21209547893907,2.19602842268156,buyer_N_gaspaid_high,log_price_1_sale
"(5.24,6.21]",841,-8.95217155308332,2.06332972420088,buyer_N_gaspaid_high,log_buyern_total_value
"(7.22,8.44]",857,-8.89157103147555,2.17153528546521,buyer_N_gaspaid_high,log_buyern_total_value
"(8.44,10.1]",825,-8.75656105272156,2.2897822984508,buyer_N_gaspaid_high,log_buyern_total_value
"(6.21,7.22]",841,-8.99101796388679,2.23864701305751,buyer_N_gaspaid_high,log_buyern_total_value
"[3.86,5.24]",842,-8.80892759784279,1.96082384643056,buyer_N_gaspaid_high,log_buyern_total_value
"(0.113,0.501]",841,-9.17733527552949,2.14071166302368,buyer_N_gaspaid_high,log_buyern_rolling_avg_value_last10
"(1.39,3.05]",841,-8.10493900101115,2.08757193042005,buyer_N_gaspaid_high,log_buyern_rolling_avg_value_last10
"(0.501,1.39]",841,-8.57958802081398,2.11035501969111,buyer_N_gaspaid_high,log_buyern_rolling_avg_value_last10
"(0.00722,0.113]",833,-9.36158132112486,2.01528144501825,buyer_N_gaspaid_high,log_buyern_rolling_avg_value_last10
"[0,0.00722]",850,-9.18065321300363,2.13010847697176,buyer_N_gaspaid_high,log_buyern_rolling_avg_value_last10
"(7.93,8.98]",842,-8.13515258937556,1.92537218611543,buyer_N_gaspaid_high,log_sellern_total_value
"(7.07,7.93]",840,-8.80567668431399,1.96627612098229,buyer_N_gaspaid_high,log_sellern_total_value
"(6.11,7.07]",842,-9.66416236486016,1.97370470606184,buyer_N_gaspaid_high,log_sellern_total_value
"[4.65,6.11]",842,-10.2140898945274,1.92216201637166,buyer_N_gaspaid_high,log_sellern_total_value
"(8.98,10.5]",840,-7.58038495969406,1.81248849834547,buyer_N_gaspaid_high,log_sellern_total_value
"(1.34,2.51]",840,-8.64050134539251,2.16045954997787,buyer_N_gaspaid_high,log_sellern_rolling_avg_value_last10
"[0,0.0184]",842,-8.69486264442785,2.05445557080874,buyer_N_gaspaid_high,log_sellern_rolling_avg_value_last10
"(0.0184,0.131]",842,-8.95190920023789,2.02019996535393,buyer_N_gaspaid_high,log_sellern_rolling_avg_value_last10
"(0.131,0.482]",841,-9.20206406588103,2.23341412993556,buyer_N_gaspaid_high,log_sellern_rolling_avg_value_last10
"(0.482,1.34]",841,-8.91324585122607,2.22277191792499,buyer_N_gaspaid_high,log_sellern_rolling_avg_value_last10
"(7.68,8.64]",843,-8.39734165437888,2.04107951546418,buyer_N_gaspaid_high,log_sellern_1_total_value
"(5.7,6.69]",841,-9.58358641179464,2.29385536201404,buyer_N_gaspaid_high,log_sellern_1_total_value
"(6.69,7.68]",841,-9.10756100970926,2.1442558398661,buyer_N_gaspaid_high,log_sellern_1_total_value
"[4.29,5.7]",842,-8.91513062220805,2.10991460712459,buyer_N_gaspaid_high,log_sellern_1_total_value
"(8.64,10.2]",839,-8.3990759041716,1.89924361152499,buyer_N_gaspaid_high,log_sellern_1_total_value
"(0.00755,0.0925]",841,-9.7021293301858,2.06084570088816,buyer_N_gaspaid_high,log_sellern_1_rolling_avg_value_last10
"(0.382,1.1]",843,-7.9608384560038,1.85188720987346,buyer_N_gaspaid_high,log_sellern_1_rolling_avg_value_last10
"[0,0.00755]",842,-10.1056420056682,2.02854211213354,buyer_N_gaspaid_high,log_sellern_1_rolling_avg_value_last10
"(1.1,2.32]",839,-7.80907829920664,1.82178910103884,buyer_N_gaspaid_high,log_sellern_1_rolling_avg_value_last10
"(0.0925,0.382]",841,-8.82322689265262,1.95189615338289,buyer_N_gaspaid_high,log_sellern_1_rolling_avg_value_last10
"(3.38,4.74]",837,-8.40084951147715,1.90888900495945,buyer_N_gaspaid_high,log_sellern_avg_total_gaspaid
"(1.71,2.47]",846,-9.15595440759438,2.27376050724282,buyer_N_gaspaid_high,log_sellern_avg_total_gaspaid
"[0.221,0.984]",847,-9.23818591626792,1.97048325788762,buyer_N_gaspaid_high,log_sellern_avg_total_gaspaid
"(2.47,3.38]",840,-8.65581449145761,2.19208257931176,buyer_N_gaspaid_high,log_sellern_avg_total_gaspaid
"(0.984,1.71]",836,-8.94557721266841,2.26016555439086,buyer_N_gaspaid_high,log_sellern_avg_total_gaspaid
"(3.71,5.06]",840,-8.50673675125824,1.9469126803053,buyer_N_gaspaid_high,log_sellern_1_avg_total_gaspaid
"(1.8,2.77]",842,-9.47412378359088,2.17001354869578,buyer_N_gaspaid_high,log_sellern_1_avg_total_gaspaid
"(0.917,1.8]",832,-8.82036758152619,2.12846352327706,buyer_N_gaspaid_high,log_sellern_1_avg_total_gaspaid
"[0.149,0.917]",851,-8.01821295936206,1.90571636053783,buyer_N_gaspaid_high,log_sellern_1_avg_total_gaspaid
"(2.77,3.71]",841,-9.59175090432578,2.16587681908603,buyer_N_gaspaid_high,log_sellern_1_avg_total_gaspaid
"(0.00469,0.00827]",842,-8.57435770572299,2.12828003499052,buyer_N_gaspaid_high,log_buyern_avg_gasLimit_cost
"(0.00827,0.0119]",840,-9.02004152404133,2.02538974925583,buyer_N_gaspaid_high,log_buyern_avg_gasLimit_cost
"(0.0119,0.0182]",841,-9.28117041083552,2.10255259979916,buyer_N_gaspaid_high,log_buyern_avg_gasLimit_cost
"[0.00188,0.00469]",842,-8.21177790962788,1.99420734245387,buyer_N_gaspaid_high,log_buyern_avg_gasLimit_cost
"(0.0182,0.0298]",841,-9.31671020189358,2.27092419882396,buyer_N_gaspaid_high,log_buyern_avg_gasLimit_cost
"(0.0171,0.028]",841,-9.35350180148669,1.9908051645949,buyer_N_gaspaid_high,log_sellern_avg_gasLimit_cost
"(0.0121,0.0171]",841,-9.20168671769654,2.27635171368786,buyer_N_gaspaid_high,log_sellern_avg_gasLimit_cost
"(0.00462,0.00856]",844,-8.72649172919006,2.16537480183682,buyer_N_gaspaid_high,log_sellern_avg_gasLimit_cost
"(0.00856,0.0121]",838,-9.39724028092671,2.0818359101274,buyer_N_gaspaid_high,log_sellern_avg_gasLimit_cost
"[0.00186,0.00462]",842,-7.72757570562853,1.72682688288045,buyer_N_gaspaid_high,log_sellern_avg_gasLimit_cost
"(0.0133,0.0192]",841,-9.17426515303878,2.05994113780375,buyer_N_gaspaid_high,log_sellern_1_avg_gasLimit_cost
"(0.00911,0.0133]",840,-9.27421941041034,2.14688856326149,buyer_N_gaspaid_high,log_sellern_1_avg_gasLimit_cost
"[0.00211,0.00478]",842,-8.55847080941269,2.30559878637727,buyer_N_gaspaid_high,log_sellern_1_avg_gasLimit_cost
"(0.0192,0.0295]",841,-8.71969730593081,2.03226070606162,buyer_N_gaspaid_high,log_sellern_1_avg_gasLimit_cost
"(0.00478,0.00911]",842,-8.67717281396881,2.09463593907933,buyer_N_gaspaid_high,log_sellern_1_avg_gasLimit_cost
"(-0.00464,0]",1041,-9.71223391777714,2.0785800430741,buyer_N_gaspaid_high,`log_price_change_n-1`
"(0.655,4.4]",841,-8.65932807088115,2.01440856305697,buyer_N_gaspaid_high,`log_price_change_n-1`
"(0,0.0881]",641,-8.72036244526112,2.19289456066247,buyer_N_gaspaid_high,`log_price_change_n-1`
"(0.0881,0.655]",841,-9.14786170832144,2.12492804141493,buyer_N_gaspaid_high,`log_price_change_n-1`
"[-4.27,-0.00464]",842,-7.92819979037718,1.8993885688975,buyer_N_gaspaid_high,`log_price_change_n-1`
"(1.61,4]",806,25.2138132221511,9.93670390842528,seller_N_gaspaid_high,log_price_1_sale
"(0.405,0.765]",824,24.0721678421658,9.89440011259142,seller_N_gaspaid_high,log_price_1_sale
"(0.765,1.61]",872,23.992854390988,9.50511036822821,seller_N_gaspaid_high,log_price_1_sale
"[0.14,0.262]",912,22.6387841662266,8.93198987788873,seller_N_gaspaid_high,log_price_1_sale
"(0.262,0.405]",792,23.5467981058822,9.64859443757847,seller_N_gaspaid_high,log_price_1_sale
"(5.24,6.21]",841,20.9252057912585,7.86788576467016,seller_N_gaspaid_high,log_buyern_total_value
"(7.22,8.44]",857,27.644977553464,9.85092848401687,seller_N_gaspaid_high,log_buyern_total_value
"(8.44,10.1]",825,28.835643168953,9.79573208453078,seller_N_gaspaid_high,log_buyern_total_value
"(6.21,7.22]",841,24.052092588934,8.82696783962208,seller_N_gaspaid_high,log_buyern_total_value
"[3.86,5.24]",842,17.8956588265447,6.76787158352429,seller_N_gaspaid_high,log_buyern_total_value
"(0.113,0.501]",841,24.0447530712341,9.52687582721413,seller_N_gaspaid_high,log_buyern_rolling_avg_value_last10
"(1.39,3.05]",841,27.3662810214933,10.202143564586,seller_N_gaspaid_high,log_buyern_rolling_avg_value_last10
"(0.501,1.39]",841,25.3715887145734,9.60747466351734,seller_N_gaspaid_high,log_buyern_rolling_avg_value_last10
"(0.00722,0.113]",833,20.5404565834321,8.35440797219992,seller_N_gaspaid_high,log_buyern_rolling_avg_value_last10
"[0,0.00722]",850,21.9891975675981,8.70364040284612,seller_N_gaspaid_high,log_buyern_rolling_avg_value_last10
"(7.93,8.98]",842,23.2933652450097,9.19373142991222,seller_N_gaspaid_high,log_sellern_total_value
"(7.07,7.93]",840,24.9332870978269,9.90654621974966,seller_N_gaspaid_high,log_sellern_total_value
"(6.11,7.07]",842,25.6798697894773,10.2012535979279,seller_N_gaspaid_high,log_sellern_total_value
"[4.65,6.11]",842,23.8287044780161,9.89928945941779,seller_N_gaspaid_high,log_sellern_total_value
"(8.98,10.5]",840,21.5857259710655,8.19191085488799,seller_N_gaspaid_high,log_sellern_total_value
"(1.34,2.51]",840,23.8296154221997,9.33476363651367,seller_N_gaspaid_high,log_sellern_rolling_avg_value_last10
"[0,0.0184]",842,24.1372116016533,9.31167179207152,seller_N_gaspaid_high,log_sellern_rolling_avg_value_last10
"(0.0184,0.131]",842,23.041898890206,9.51217962320157,seller_N_gaspaid_high,log_sellern_rolling_avg_value_last10
"(0.131,0.482]",841,24.1082303717242,9.9248992084057,seller_N_gaspaid_high,log_sellern_rolling_avg_value_last10
"(0.482,1.34]",841,24.2074843234055,9.90332108637809,seller_N_gaspaid_high,log_sellern_rolling_avg_value_last10
"(7.68,8.64]",843,24.2836251290077,9.4373526049852,seller_N_gaspaid_high,log_sellern_1_total_value
"(5.7,6.69]",841,23.8933488193116,10.0275135816684,seller_N_gaspaid_high,log_sellern_1_total_value
"(6.69,7.68]",841,24.8152566685694,9.98683614461556,seller_N_gaspaid_high,log_sellern_1_total_value
"[4.29,5.7]",842,22.2460948586173,9.05875384604069,seller_N_gaspaid_high,log_sellern_1_total_value
"(8.64,10.2]",839,24.0869594486056,9.3097532213854,seller_N_gaspaid_high,log_sellern_1_total_value
"(0.00755,0.0925]",841,24.1980863517006,10.0028278426208,seller_N_gaspaid_high,log_sellern_1_rolling_avg_value_last10
"(0.382,1.1]",843,23.3409217360217,8.85725203308862,seller_N_gaspaid_high,log_sellern_1_rolling_avg_value_last10
"[0,0.00755]",842,23.9720899678838,9.88531665287866,seller_N_gaspaid_high,log_sellern_1_rolling_avg_value_last10
"(1.1,2.32]",839,23.3699209294574,9.29712558144011,seller_N_gaspaid_high,log_sellern_1_rolling_avg_value_last10
"(0.0925,0.382]",841,24.4427502846347,9.90991723103377,seller_N_gaspaid_high,log_sellern_1_rolling_avg_value_last10
"[0.0444,0.404]",842,21.9652800192704,8.34575093397357,seller_N_gaspaid_high,log_buyern_avg_total_gaspaid
"(1.09,1.86]",841,24.1240772855535,10.1135284214742,seller_N_gaspaid_high,log_buyern_avg_total_gaspaid
"(2.91,4.8]",841,26.3490938780548,9.29597281049463,seller_N_gaspaid_high,log_buyern_avg_total_gaspaid
"(1.86,2.91]",841,24.672830119595,10.2146204750105,seller_N_gaspaid_high,log_buyern_avg_total_gaspaid
"(0.404,1.09]",841,22.2148052223515,9.26986723826285,seller_N_gaspaid_high,log_buyern_avg_total_gaspaid
"(3.71,5.06]",840,23.3894334634493,9.0100222069009,seller_N_gaspaid_high,log_sellern_1_avg_total_gaspaid
"(1.8,2.77]",842,24.9493361006683,10.069408051087,seller_N_gaspaid_high,log_sellern_1_avg_total_gaspaid
"(0.917,1.8]",832,24.242166141101,9.59634711160394,seller_N_gaspaid_high,log_sellern_1_avg_total_gaspaid
"[0.149,0.917]",851,22.0650879903279,8.95287168093917,seller_N_gaspaid_high,log_sellern_1_avg_total_gaspaid
"(2.77,3.71]",841,24.7013874342119,10.0800548622965,seller_N_gaspaid_high,log_sellern_1_avg_total_gaspaid
"(0.00469,0.00827]",842,22.7582697356558,9.23040074182437,seller_N_gaspaid_high,log_buyern_avg_gasLimit_cost
"(0.00827,0.0119]",840,22.8281103505367,9.56679680094656,seller_N_gaspaid_high,log_buyern_avg_gasLimit_cost
"(0.0119,0.0182]",841,24.7694468930958,9.83704782995176,seller_N_gaspaid_high,log_buyern_avg_gasLimit_cost
"[0.00188,0.00469]",842,22.1795125966709,8.87122731454195,seller_N_gaspaid_high,log_buyern_avg_gasLimit_cost
"(0.0182,0.0298]",841,26.7905752580664,9.75343744278719,seller_N_gaspaid_high,log_buyern_avg_gasLimit_cost
"(0.0171,0.028]",841,24.6436241121878,9.401285036082,seller_N_gaspaid_high,log_sellern_avg_gasLimit_cost
"(0.0121,0.0171]",841,25.0885988998599,9.84161086089294,seller_N_gaspaid_high,log_sellern_avg_gasLimit_cost
"(0.00462,0.00856]",844,23.5334797695829,9.74681381830944,seller_N_gaspaid_high,log_sellern_avg_gasLimit_cost
"(0.00856,0.0121]",838,25.1650942068892,10.3106073084117,seller_N_gaspaid_high,log_sellern_avg_gasLimit_cost
"[0.00186,0.00462]",842,20.9023736619526,7.91575471872233,seller_N_gaspaid_high,log_sellern_avg_gasLimit_cost
"(0.0133,0.0192]",841,25.4859039869313,9.97209692444946,seller_N_gaspaid_high,log_sellern_1_avg_gasLimit_cost
"(0.00911,0.0133]",840,24.0445358358767,9.64823110117065,seller_N_gaspaid_high,log_sellern_1_avg_gasLimit_cost
"[0.00211,0.00478]",842,22.6606811953383,9.49109395028893,seller_N_gaspaid_high,log_sellern_1_avg_gasLimit_cost
"(0.0192,0.0295]",841,24.0249163115266,9.11428573886129,seller_N_gaspaid_high,log_sellern_1_avg_gasLimit_cost
"(0.00478,0.00911]",842,23.1103331446353,9.56263894677919,seller_N_gaspaid_high,log_sellern_1_avg_gasLimit_cost
"(-0.00464,0]",1041,24.1011866110888,10.2478538163246,seller_N_gaspaid_high,`log_price_change_n-1`
"(0.655,4.4]",841,25.0004026588072,9.57408331511348,seller_N_gaspaid_high,`log_price_change_n-1`
"(0,0.0881]",641,24.08779521164,9.6174850415513,seller_N_gaspaid_high,`log_price_change_n-1`
"(0.0881,0.655]",841,24.2830661901287,9.59771546455789,seller_N_gaspaid_high,`log_price_change_n-1`
"[-4.27,-0.00464]",842,21.8505875922061,8.48194442893254,seller_N_gaspaid_high,`log_price_change_n-1`
"(1.61,4]",806,30.5871270554227,13.691229974671,seller_N_1_gaspaid_high,log_price_1_sale
"(0.405,0.765]",824,32.8097461088054,15.0874217755002,seller_N_1_gaspaid_high,log_price_1_sale
"(0.765,1.61]",872,30.7991390236891,14.1169094871208,seller_N_1_gaspaid_high,log_price_1_sale
"[0.14,0.262]",912,33.4360786540808,15.2551103593505,seller_N_1_gaspaid_high,log_price_1_sale
"(0.262,0.405]",792,34.1505669253884,15.7395479427206,seller_N_1_gaspaid_high,log_price_1_sale
"(5.24,6.21]",841,31.7883091153402,14.9754447443042,seller_N_1_gaspaid_high,log_buyern_total_value
"(7.22,8.44]",857,33.7707919227763,14.8950428965317,seller_N_1_gaspaid_high,log_buyern_total_value
"(8.44,10.1]",825,33.4378740352958,14.5255625548072,seller_N_1_gaspaid_high,log_buyern_total_value
"(6.21,7.22]",841,33.5289842026402,15.7437290374243,seller_N_1_gaspaid_high,log_buyern_total_value
"[3.86,5.24]",842,29.2477419584949,13.6019204591807,seller_N_1_gaspaid_high,log_buyern_total_value
"(0.113,0.501]",841,32.6352311157238,15.0388146356804,seller_N_1_gaspaid_high,log_buyern_rolling_avg_value_last10
"(1.39,3.05]",841,33.8198584986623,15.4784644061876,seller_N_1_gaspaid_high,log_buyern_rolling_avg_value_last10
"(0.501,1.39]",841,31.7944659183605,14.8326640207782,seller_N_1_gaspaid_high,log_buyern_rolling_avg_value_last10
"(0.00722,0.113]",833,31.4890166076305,14.3241821889539,seller_N_1_gaspaid_high,log_buyern_rolling_avg_value_last10
"[0,0.00722]",850,32.0329766226075,14.5041364706666,seller_N_1_gaspaid_high,log_buyern_rolling_avg_value_last10
"(7.93,8.98]",842,29.0317700677375,13.3479515208476,seller_N_1_gaspaid_high,log_sellern_total_value
"(7.07,7.93]",840,32.8201136284978,14.6990882496232,seller_N_1_gaspaid_high,log_sellern_total_value
"(6.11,7.07]",842,37.0042731281686,15.6378866751551,seller_N_1_gaspaid_high,log_sellern_total_value
"[4.65,6.11]",842,37.3377894051069,15.619592673966,seller_N_1_gaspaid_high,log_sellern_total_value
"(8.98,10.5]",840,25.5673746052636,10.8601953000621,seller_N_1_gaspaid_high,log_sellern_total_value
"(1.34,2.51]",840,30.260247187109,13.8321563998372,seller_N_1_gaspaid_high,log_sellern_rolling_avg_value_last10
"[0,0.0184]",842,34.0767566223081,15.3300832638453,seller_N_1_gaspaid_high,log_sellern_rolling_avg_value_last10
"(0.0184,0.131]",842,32.825128091117,14.7537032988274,seller_N_1_gaspaid_high,log_sellern_rolling_avg_value_last10
"(0.131,0.482]",841,33.154650907063,15.3559050074187,seller_N_1_gaspaid_high,log_sellern_rolling_avg_value_last10
"(0.482,1.34]",841,31.4544603896516,14.6914607244799,seller_N_1_gaspaid_high,log_sellern_rolling_avg_value_last10
"(7.68,8.64]",843,29.5938219998236,13.3298422436248,seller_N_1_gaspaid_high,log_sellern_1_total_value
"(5.7,6.69]",841,35.542125628324,15.7718033301408,seller_N_1_gaspaid_high,log_sellern_1_total_value
"(6.69,7.68]",841,35.0560929124753,15.4769031929414,seller_N_1_gaspaid_high,log_sellern_1_total_value
"[4.29,5.7]",842,32.8483856525635,15.126077630879,seller_N_1_gaspaid_high,log_sellern_1_total_value
"(8.64,10.2]",839,28.7332809395596,13.0947887544676,seller_N_1_gaspaid_high,log_sellern_1_total_value
"(0.00755,0.0925]",841,34.9632343289966,15.3598437971924,seller_N_1_gaspaid_high,log_sellern_1_rolling_avg_value_last10
"(0.382,1.1]",843,29.0105579594753,13.7561869041345,seller_N_1_gaspaid_high,log_sellern_1_rolling_avg_value_last10
"[0,0.00755]",842,35.2559606233572,15.0728198153012,seller_N_1_gaspaid_high,log_sellern_1_rolling_avg_value_last10
"(1.1,2.32]",839,29.4496945446539,13.7447336731306,seller_N_1_gaspaid_high,log_sellern_1_rolling_avg_value_last10
"(0.0925,0.382]",841,33.0944877146937,15.1000842458264,seller_N_1_gaspaid_high,log_sellern_1_rolling_avg_value_last10
"[0.0444,0.404]",842,32.4945739807807,15.3852915785049,seller_N_1_gaspaid_high,log_buyern_avg_total_gaspaid
"(1.09,1.86]",841,32.8294125519693,15.0348609106083,seller_N_1_gaspaid_high,log_buyern_avg_total_gaspaid
"(2.91,4.8]",841,31.2913445173829,13.9033290594128,seller_N_1_gaspaid_high,log_buyern_avg_total_gaspaid
"(1.86,2.91]",841,32.4052541549846,14.6523931327059,seller_N_1_gaspaid_high,log_buyern_avg_total_gaspaid
"(0.404,1.09]",841,32.7555891021736,15.2455546650786,seller_N_1_gaspaid_high,log_buyern_avg_total_gaspaid
"(3.38,4.74]",837,28.3765123314114,12.8373808223014,seller_N_1_gaspaid_high,log_sellern_avg_total_gaspaid
"(1.71,2.47]",846,34.1853661346389,15.7358281593992,seller_N_1_gaspaid_high,log_sellern_avg_total_gaspaid
"[0.221,0.984]",847,34.1208822070621,15.0178040094583,seller_N_1_gaspaid_high,log_sellern_avg_total_gaspaid
"(2.47,3.38]",840,32.2692199854693,14.518482597488,seller_N_1_gaspaid_high,log_sellern_avg_total_gaspaid
"(0.984,1.71]",836,32.7844073898814,15.2682924582704,seller_N_1_gaspaid_high,log_sellern_avg_total_gaspaid
"(0.00469,0.00827]",842,31.7265665198123,15.0469985091906,seller_N_1_gaspaid_high,log_buyern_avg_gasLimit_cost
"(0.00827,0.0119]",840,31.786186640548,14.3962011720205,seller_N_1_gaspaid_high,log_buyern_avg_gasLimit_cost
"(0.0119,0.0182]",841,33.08676275823,14.9966102334834,seller_N_1_gaspaid_high,log_buyern_avg_gasLimit_cost
"[0.00188,0.00469]",842,30.9722342349287,14.9445206553283,seller_N_1_gaspaid_high,log_buyern_avg_gasLimit_cost
"(0.0182,0.0298]",841,34.2063051999867,14.7039757235674,seller_N_1_gaspaid_high,log_buyern_avg_gasLimit_cost
"(0.0171,0.028]",841,30.5416426660593,13.3255878614029,seller_N_1_gaspaid_high,log_sellern_avg_gasLimit_cost
"(0.0121,0.0171]",841,34.7552191932436,15.2596052034056,seller_N_1_gaspaid_high,log_sellern_avg_gasLimit_cost
"(0.00462,0.00856]",844,32.9788409533349,15.0431668188481,seller_N_1_gaspaid_high,log_sellern_avg_gasLimit_cost
"(0.00856,0.0121]",838,37.2281350190082,15.9220427712104,seller_N_1_gaspaid_high,log_sellern_avg_gasLimit_cost
"[0.00186,0.00462]",842,26.2948663090205,12.0305431360979,seller_N_1_gaspaid_high,log_sellern_avg_gasLimit_cost
"(0.0133,0.0192]",841,33.3249749390914,14.8994284641644,seller_N_1_gaspaid_high,log_sellern_1_avg_gasLimit_cost
"(0.00911,0.0133]",840,33.6116692622665,15.2223361698912,seller_N_1_gaspaid_high,log_sellern_1_avg_gasLimit_cost
"[0.00211,0.00478]",842,32.2007313719199,14.9929493777097,seller_N_1_gaspaid_high,log_sellern_1_avg_gasLimit_cost
"(0.0192,0.0295]",841,30.6930021308623,14.4440207754288,seller_N_1_gaspaid_high,log_sellern_1_avg_gasLimit_cost
"(0.00478,0.00911]",842,31.9481240559632,14.565278794356,seller_N_1_gaspaid_high,log_sellern_1_avg_gasLimit_cost
"(-0.00464,0]",1041,33.8683602671671,15.2835684394827,seller_N_1_gaspaid_high,`log_price_change_n-1`
"(0.655,4.4]",841,34.0969042980496,14.5186188219474,seller_N_1_gaspaid_high,`log_price_change_n-1`
"(0,0.0881]",641,31.9874071844965,15.0973781701642,seller_N_1_gaspaid_high,`log_price_change_n-1`
"(0.0881,0.655]",841,33.8583580940659,15.152744010507,seller_N_1_gaspaid_high,`log_price_change_n-1`
"[-4.27,-0.00464]",842,27.5237416285751,13.0344526972236,seller_N_1_gaspaid_high,`log_price_change_n-1`
"(1.61,4]",806,21.2168737328903,6.8936984695569,buyer_N_gaslimit_cost_high,log_price_1_sale
"(0.405,0.765]",824,20.4344304689686,6.75941328334302,buyer_N_gaslimit_cost_high,log_price_1_sale
"(0.765,1.61]",872,20.4846961397823,6.55458215950225,buyer_N_gaslimit_cost_high,log_price_1_sale
"[0.14,0.262]",912,19.7970867206946,6.16876481355689,buyer_N_gaslimit_cost_high,log_price_1_sale
"(0.262,0.405]",792,20.2964724128377,6.48969697616982,buyer_N_gaslimit_cost_high,log_price_1_sale
"(5.24,6.21]",841,17.9457562309602,4.87169032734757,buyer_N_gaslimit_cost_high,log_buyern_total_value
"(7.22,8.44]",857,21.4836122775845,6.24454278644354,buyer_N_gaslimit_cost_high,log_buyern_total_value
"(8.44,10.1]",825,26.824548145551,6.51709004163868,buyer_N_gaslimit_cost_high,log_buyern_total_value
"(6.21,7.22]",841,19.3747983662956,5.36446715541678,buyer_N_gaslimit_cost_high,log_buyern_total_value
"[3.86,5.24]",842,16.6304998230513,4.45450894100499,buyer_N_gaslimit_cost_high,log_buyern_total_value
"(0.113,0.501]",841,20.2893723354591,6.64310007891304,buyer_N_gaslimit_cost_high,log_buyern_rolling_avg_value_last10
"(1.39,3.05]",841,21.763078929656,6.98122696079511,buyer_N_gaslimit_cost_high,log_buyern_rolling_avg_value_last10
"(0.501,1.39]",841,20.3485505164377,6.18750515276013,buyer_N_gaslimit_cost_high,log_buyern_rolling_avg_value_last10
"(0.00722,0.113]",833,18.8266032610154,5.90346535160539,buyer_N_gaslimit_cost_high,log_buyern_rolling_avg_value_last10
"[0,0.00722]",850,20.9051437583047,6.78856539136773,buyer_N_gaslimit_cost_high,log_buyern_rolling_avg_value_last10
"(7.93,8.98]",842,20.3081540412865,6.49198292998314,buyer_N_gaslimit_cost_high,log_sellern_total_value
"(7.07,7.93]",840,20.7992134103164,6.89430435625581,buyer_N_gaslimit_cost_high,log_sellern_total_value
"(6.11,7.07]",842,21.2890392642154,6.8906571384836,buyer_N_gaslimit_cost_high,log_sellern_total_value
"[4.65,6.11]",842,20.3093766591559,6.36564099220222,buyer_N_gaslimit_cost_high,log_sellern_total_value
"(8.98,10.5]",840,19.4458381361465,6.1013562414538,buyer_N_gaslimit_cost_high,log_sellern_total_value
"(1.34,2.51]",840,20.5218912850133,6.58074885218247,buyer_N_gaslimit_cost_high,log_sellern_rolling_avg_value_last10
"[0,0.0184]",842,20.4443298212927,6.21022732214551,buyer_N_gaslimit_cost_high,log_sellern_rolling_avg_value_last10
"(0.0184,0.131]",842,19.6529592431944,6.27616127901299,buyer_N_gaslimit_cost_high,log_sellern_rolling_avg_value_last10
"(0.131,0.482]",841,20.5579432598256,6.73097204126222,buyer_N_gaslimit_cost_high,log_sellern_rolling_avg_value_last10
"(0.482,1.34]",841,20.9769784257409,7.02097143819459,buyer_N_gaslimit_cost_high,log_sellern_rolling_avg_value_last10
"(7.68,8.64]",843,20.5698780674888,6.64727657441791,buyer_N_gaslimit_cost_high,log_sellern_1_total_value
"(5.7,6.69]",841,20.3196324736199,6.55998851265069,buyer_N_gaslimit_cost_high,log_sellern_1_total_value
"(6.69,7.68]",841,21.0168687523898,6.75345049506085,buyer_N_gaslimit_cost_high,log_sellern_1_total_value
"[4.29,5.7]",842,19.5873125056538,6.25222215786471,buyer_N_gaslimit_cost_high,log_sellern_1_total_value
"(8.64,10.2]",839,20.660611844509,6.61257402064271,buyer_N_gaslimit_cost_high,log_sellern_1_total_value
"(0.00755,0.0925]",841,20.6040471701092,6.83283893762017,buyer_N_gaslimit_cost_high,log_sellern_1_rolling_avg_value_last10
"(0.382,1.1]",843,20.2248028252109,6.20629012537351,buyer_N_gaslimit_cost_high,log_sellern_1_rolling_avg_value_last10
"[0,0.00755]",842,20.3667963330465,6.43056143752612,buyer_N_gaslimit_cost_high,log_sellern_1_rolling_avg_value_last10
"(1.1,2.32]",839,20.1770930175911,6.60187620135831,buyer_N_gaslimit_cost_high,log_sellern_1_rolling_avg_value_last10
"(0.0925,0.382]",841,20.780308208528,6.81111947914182,buyer_N_gaslimit_cost_high,log_sellern_1_rolling_avg_value_last10
"[0.0444,0.404]",842,18.6537186225979,5.29621556451815,buyer_N_gaslimit_cost_high,log_buyern_avg_total_gaspaid
"(1.09,1.86]",841,20.0899897611565,6.61541298372738,buyer_N_gaslimit_cost_high,log_buyern_avg_total_gaspaid
"(2.91,4.8]",841,23.3385111291362,6.84585963081495,buyer_N_gaslimit_cost_high,log_buyern_avg_total_gaspaid
"(1.86,2.91]",841,20.749287294964,7.06656579471184,buyer_N_gaslimit_cost_high,log_buyern_avg_total_gaspaid
"(0.404,1.09]",841,19.3236911596224,5.9253654506013,buyer_N_gaslimit_cost_high,log_buyern_avg_total_gaspaid
"(3.38,4.74]",837,20.4196362642816,6.2137389748587,buyer_N_gaslimit_cost_high,log_sellern_avg_total_gaspaid
"(1.71,2.47]",846,20.5463208433404,6.53639702389472,buyer_N_gaslimit_cost_high,log_sellern_avg_total_gaspaid
"[0.221,0.984]",847,20.5166371626721,6.60558592734662,buyer_N_gaslimit_cost_high,log_sellern_avg_total_gaspaid
"(2.47,3.38]",840,20.4490886374187,6.59074293099325,buyer_N_gaslimit_cost_high,log_sellern_avg_total_gaspaid
"(0.984,1.71]",836,20.218811112902,6.95118088558049,buyer_N_gaslimit_cost_high,log_sellern_avg_total_gaspaid
"(3.71,5.06]",840,19.7671572569156,6.05879207204844,buyer_N_gaslimit_cost_high,log_sellern_1_avg_total_gaspaid
"(1.8,2.77]",842,21.0002060394477,6.82604430398947,buyer_N_gaslimit_cost_high,log_sellern_1_avg_total_gaspaid
"(0.917,1.8]",832,20.9559673662985,6.73792286336344,buyer_N_gaslimit_cost_high,log_sellern_1_avg_total_gaspaid
"[0.149,0.917]",851,19.5736360020879,6.3937027415422,buyer_N_gaslimit_cost_high,log_sellern_1_avg_total_gaspaid
"(2.77,3.71]",841,20.8704643777759,6.72778566367704,buyer_N_gaslimit_cost_high,log_sellern_1_avg_total_gaspaid
"(0.0171,0.028]",841,21.2031865857771,6.3718185735271,buyer_N_gaslimit_cost_high,log_sellern_avg_gasLimit_cost
"(0.0121,0.0171]",841,21.3261757475759,6.56849645426166,buyer_N_gaslimit_cost_high,log_sellern_avg_gasLimit_cost
"(0.00462,0.00856]",844,20.2795635914392,6.63783478764495,buyer_N_gaslimit_cost_high,log_sellern_avg_gasLimit_cost
"(0.00856,0.0121]",838,21.366838298897,7.11055643686874,buyer_N_gaslimit_cost_high,log_sellern_avg_gasLimit_cost
"[0.00186,0.00462]",842,17.9841084575661,5.49164202434185,buyer_N_gaslimit_cost_high,log_sellern_avg_gasLimit_cost
"(0.0133,0.0192]",841,21.4128134593269,6.82180759200663,buyer_N_gaslimit_cost_high,log_sellern_1_avg_gasLimit_cost
"(0.00911,0.0133]",840,20.6133495944525,6.59962728324849,buyer_N_gaslimit_cost_high,log_sellern_1_avg_gasLimit_cost
"[0.00211,0.00478]",842,19.780006588168,6.43490963471465,buyer_N_gaslimit_cost_high,log_sellern_1_avg_gasLimit_cost
"(0.0192,0.0295]",841,20.147851741479,6.1002569038763,buyer_N_gaslimit_cost_high,log_sellern_1_avg_gasLimit_cost
"(0.00478,0.00911]",842,20.2003284665266,6.81993776895042,buyer_N_gaslimit_cost_high,log_sellern_1_avg_gasLimit_cost
"(-0.00464,0]",1041,20.3655418384434,6.67860281532554,buyer_N_gaslimit_cost_high,`log_price_change_n-1`
"(0.655,4.4]",841,21.6260901550894,6.75100825945858,buyer_N_gaslimit_cost_high,`log_price_change_n-1`
"(0,0.0881]",641,21.0159067566233,6.8614073579677,buyer_N_gaslimit_cost_high,`log_price_change_n-1`
"(0.0881,0.655]",841,20.7231659482011,6.40024345489145,buyer_N_gaslimit_cost_high,`log_price_change_n-1`
"[-4.27,-0.00464]",842,18.5792464864469,5.82602545326903,buyer_N_gaslimit_cost_high,`log_price_change_n-1`
"(1.61,4]",806,7.29435456733249,2.73365126684408,seller_N_gaslimit_cost_high,log_price_1_sale
"(0.405,0.765]",824,6.89708241888849,2.84135413327748,seller_N_gaslimit_cost_high,log_price_1_sale
"(0.765,1.61]",872,7.19207177555166,2.71085069789358,seller_N_gaslimit_cost_high,log_price_1_sale
"[0.14,0.262]",912,7.34256002015032,2.63403064924038,seller_N_gaslimit_cost_high,log_price_1_sale
"(0.262,0.405]",792,7.22133787500048,2.72822643882784,seller_N_gaslimit_cost_high,log_price_1_sale
"(5.24,6.21]",841,7.13928519869344,2.62081060871428,seller_N_gaslimit_cost_high,log_buyern_total_value
"(7.22,8.44]",857,7.01599380175781,2.86165039156419,seller_N_gaslimit_cost_high,log_buyern_total_value
"(8.44,10.1]",825,6.9666191035144,2.52552116191396,seller_N_gaslimit_cost_high,log_buyern_total_value
"(6.21,7.22]",841,7.07902488724286,2.76088925231961,seller_N_gaslimit_cost_high,log_buyern_total_value
"[3.86,5.24]",842,7.75757765714297,2.79744876971151,seller_N_gaslimit_cost_high,log_buyern_total_value
"(0.113,0.501]",841,6.89569970147145,2.78038791574719,seller_N_gaslimit_cost_high,log_buyern_rolling_avg_value_last10
"(1.39,3.05]",841,7.65528702815408,2.70212563471452,seller_N_gaslimit_cost_high,log_buyern_rolling_avg_value_last10
"(0.501,1.39]",841,7.38442571995951,2.80049270103095,seller_N_gaslimit_cost_high,log_buyern_rolling_avg_value_last10
"(0.00722,0.113]",833,6.93726985064684,2.73683623739397,seller_N_gaslimit_cost_high,log_buyern_rolling_avg_value_last10
"[0,0.00722]",850,7.08613995576799,2.56242980751105,seller_N_gaslimit_cost_high,log_buyern_rolling_avg_value_last10
"(7.93,8.98]",842,6.08168353579793,2.01197627861459,seller_N_gaslimit_cost_high,log_sellern_total_value
"(7.07,7.93]",840,6.42871074760536,2.29643896449012,seller_N_gaslimit_cost_high,log_sellern_total_value
"(6.11,7.07]",842,7.20596754405129,2.57206398304263,seller_N_gaslimit_cost_high,log_sellern_total_value
"[4.65,6.11]",842,10.2938975075347,2.37823196431816,seller_N_gaslimit_cost_high,log_sellern_total_value
"(8.98,10.5]",840,5.94507818991296,1.65062340806832,seller_N_gaslimit_cost_high,log_sellern_total_value
"(1.34,2.51]",840,7.93610898603894,2.74436660568351,seller_N_gaslimit_cost_high,log_sellern_rolling_avg_value_last10
"[0,0.0184]",842,6.70212344779557,2.52016567473247,seller_N_gaslimit_cost_high,log_sellern_rolling_avg_value_last10
"(0.0184,0.131]",842,6.69608255818311,2.594539187019,seller_N_gaslimit_cost_high,log_sellern_rolling_avg_value_last10
"(0.131,0.482]",841,7.03076101925617,2.79576817573775,seller_N_gaslimit_cost_high,log_sellern_rolling_avg_value_last10
"(0.482,1.34]",841,7.59709345492442,2.77078356396403,seller_N_gaslimit_cost_high,log_sellern_rolling_avg_value_last10
"(7.68,8.64]",843,6.71373766500119,2.78436129669913,seller_N_gaslimit_cost_high,log_sellern_1_total_value
"(5.7,6.69]",841,7.49052169832942,2.63014113381867,seller_N_gaslimit_cost_high,log_sellern_1_total_value
"(6.69,7.68]",841,6.26508431507128,2.84355360234162,seller_N_gaslimit_cost_high,log_sellern_1_total_value
"[4.29,5.7]",842,8.47011111261926,2.20658730955037,seller_N_gaslimit_cost_high,log_sellern_1_total_value
"(8.64,10.2]",839,7.01986597425652,2.62042326551638,seller_N_gaslimit_cost_high,log_sellern_1_total_value
"(0.00755,0.0925]",841,7.14171482045529,2.72842852882702,seller_N_gaslimit_cost_high,log_sellern_1_rolling_avg_value_last10
"(0.382,1.1]",843,6.98053632135808,2.70724491128622,seller_N_gaslimit_cost_high,log_sellern_1_rolling_avg_value_last10
"[0,0.00755]",842,7.43758737189813,2.71598698141295,seller_N_gaslimit_cost_high,log_sellern_1_rolling_avg_value_last10
"(1.1,2.32]",839,7.54313854892248,2.62224705786049,seller_N_gaslimit_cost_high,log_sellern_1_rolling_avg_value_last10
"(0.0925,0.382]",841,6.85818136206977,2.82258278348615,seller_N_gaslimit_cost_high,log_sellern_1_rolling_avg_value_last10
"[0.0444,0.404]",842,7.80172258496648,2.69027715561059,seller_N_gaslimit_cost_high,log_buyern_avg_total_gaspaid
"(1.09,1.86]",841,7.40250745260836,2.8287077108426,seller_N_gaslimit_cost_high,log_buyern_avg_total_gaspaid
"(2.91,4.8]",841,6.61171174953921,2.66308893454923,seller_N_gaslimit_cost_high,log_buyern_avg_total_gaspaid
"(1.86,2.91]",841,6.66725150136769,2.65766715987316,seller_N_gaslimit_cost_high,log_buyern_avg_total_gaspaid
"(0.404,1.09]",841,7.47619422103986,2.61379959417186,seller_N_gaslimit_cost_high,log_buyern_avg_total_gaspaid
"(3.38,4.74]",837,5.50920595908314,1.67205975001824,seller_N_gaslimit_cost_high,log_sellern_avg_total_gaspaid
"(1.71,2.47]",846,6.1062192237224,1.97013413712198,seller_N_gaslimit_cost_high,log_sellern_avg_total_gaspaid
"[0.221,0.984]",847,10.434137231302,2.06977953112883,seller_N_gaslimit_cost_high,log_sellern_avg_total_gaspaid
"(2.47,3.38]",840,5.55504233598278,1.78986923551929,seller_N_gaslimit_cost_high,log_sellern_avg_total_gaspaid
"(0.984,1.71]",836,8.33568178221596,2.14057562715036,seller_N_gaslimit_cost_high,log_sellern_avg_total_gaspaid
"(3.71,5.06]",840,6.415094661824,2.64068259951599,seller_N_gaslimit_cost_high,log_sellern_1_avg_total_gaspaid
"(1.8,2.77]",842,6.90182697866571,2.75103954883755,seller_N_gaslimit_cost_high,log_sellern_1_avg_total_gaspaid
"(0.917,1.8]",832,7.90060885424285,2.52607597744651,seller_N_gaslimit_cost_high,log_sellern_1_avg_total_gaspaid
"[0.149,0.917]",851,8.48640428018335,2.23306798148587,seller_N_gaslimit_cost_high,log_sellern_1_avg_total_gaspaid
"(2.77,3.71]",841,6.24779093574062,2.76939663969723,seller_N_gaslimit_cost_high,log_sellern_1_avg_total_gaspaid
"(0.00469,0.00827]",842,7.54161478640382,2.61627653662475,seller_N_gaslimit_cost_high,log_buyern_avg_gasLimit_cost
"(0.00827,0.0119]",840,7.16763173232188,2.72464558865303,seller_N_gaslimit_cost_high,log_buyern_avg_gasLimit_cost
"(0.0119,0.0182]",841,6.68635388328557,2.73843792201967,seller_N_gaslimit_cost_high,log_buyern_avg_gasLimit_cost
"[0.00188,0.00469]",842,7.97562851671852,2.62840445142526,seller_N_gaslimit_cost_high,log_buyern_avg_gasLimit_cost
"(0.0182,0.0298]",841,6.5875071175625,2.70213170434691,seller_N_gaslimit_cost_high,log_buyern_avg_gasLimit_cost
"(0.0133,0.0192]",841,6.57461639086506,2.69810429554284,seller_N_gaslimit_cost_high,log_sellern_1_avg_gasLimit_cost
"(0.00911,0.0133]",840,6.85794316990426,2.69536728131982,seller_N_gaslimit_cost_high,log_sellern_1_avg_gasLimit_cost
"[0.00211,0.00478]",842,8.43195098796969,2.43531528264746,seller_N_gaslimit_cost_high,log_sellern_1_avg_gasLimit_cost
"(0.0192,0.0295]",841,6.35640197723483,2.68843384421122,seller_N_gaslimit_cost_high,log_sellern_1_avg_gasLimit_cost
"(0.00478,0.00911]",842,7.73668073150899,2.57009883088888,seller_N_gaslimit_cost_high,log_sellern_1_avg_gasLimit_cost
"(-0.00464,0]",1041,7.26170052835092,2.74708064253715,seller_N_gaslimit_cost_high,`log_price_change_n-1`
"(0.655,4.4]",841,6.58122612953236,2.6279884046367,seller_N_gaslimit_cost_high,`log_price_change_n-1`
"(0,0.0881]",641,7.41356729118696,2.74059753875108,seller_N_gaslimit_cost_high,`log_price_change_n-1`
"(0.0881,0.655]",841,6.77635051380114,2.80847148172232,seller_N_gaslimit_cost_high,`log_price_change_n-1`
"[-4.27,-0.00464]",842,7.96246766910333,2.50870074111348,seller_N_gaslimit_cost_high,`log_price_change_n-1`
"(1.61,4]",806,3.56289170712033,2.99716648952104,seller_N_1_gaslimit_cost_high,log_price_1_sale
"(0.405,0.765]",824,2.90762567790899,2.84538871253834,seller_N_1_gaslimit_cost_high,log_price_1_sale
"(0.765,1.61]",872,3.04891401588334,2.9484645978491,seller_N_1_gaslimit_cost_high,log_price_1_sale
"[0.14,0.262]",912,2.62385566267277,2.68581868229867,seller_N_1_gaslimit_cost_high,log_price_1_sale
"(0.262,0.405]",792,2.70309505697018,2.7788843552685,seller_N_1_gaslimit_cost_high,log_price_1_sale
"(5.24,6.21]",841,1.57813087761614,2.37155091177273,seller_N_1_gaslimit_cost_high,log_buyern_total_value
"(7.22,8.44]",857,4.39012828243756,2.57272647961001,seller_N_1_gaslimit_cost_high,log_buyern_total_value
"(8.44,10.1]",825,4.89160259919575,2.74648026970803,seller_N_1_gaslimit_cost_high,log_buyern_total_value
"(6.21,7.22]",841,2.8215643680666,2.46321433110317,seller_N_1_gaslimit_cost_high,log_buyern_total_value
"[3.86,5.24]",842,1.14249306634152,2.08814360063434,seller_N_1_gaslimit_cost_high,log_buyern_total_value
"(0.113,0.501]",841,3.14592241835676,2.91130561273686,seller_N_1_gaslimit_cost_high,log_buyern_rolling_avg_value_last10
"(1.39,3.05]",841,2.17564452238001,2.67413141860584,seller_N_1_gaslimit_cost_high,log_buyern_rolling_avg_value_last10
"(0.501,1.39]",841,3.59563844650531,3.00447972702705,seller_N_1_gaslimit_cost_high,log_buyern_rolling_avg_value_last10
"(0.00722,0.113]",833,2.62496816803557,2.60288138124109,seller_N_1_gaslimit_cost_high,log_buyern_rolling_avg_value_last10
"[0,0.00722]",850,3.26360791908235,2.9121228886365,seller_N_1_gaslimit_cost_high,log_buyern_rolling_avg_value_last10
"(7.93,8.98]",842,3.75456687385954,2.64594730749585,seller_N_1_gaslimit_cost_high,log_sellern_total_value
"(7.07,7.93]",840,2.67155176204321,2.65477019074526,seller_N_1_gaslimit_cost_high,log_sellern_total_value
"(6.11,7.07]",842,1.71300700875555,2.73512343933799,seller_N_1_gaslimit_cost_high,log_sellern_total_value
"[4.65,6.11]",842,2.24068326165417,2.63495919771676,seller_N_1_gaslimit_cost_high,log_sellern_total_value
"(8.98,10.5]",840,4.43521303603955,2.78293709420948,seller_N_1_gaslimit_cost_high,log_sellern_total_value
"(1.34,2.51]",840,3.13131745000555,3.03531579244026,seller_N_1_gaslimit_cost_high,log_sellern_rolling_avg_value_last10
"[0,0.0184]",842,3.06677813189615,2.88086009221707,seller_N_1_gaslimit_cost_high,log_sellern_rolling_avg_value_last10
"(0.0184,0.131]",842,2.59950423349364,2.63686807990221,seller_N_1_gaslimit_cost_high,log_sellern_rolling_avg_value_last10
"(0.131,0.482]",841,2.81775818898651,2.83669237232308,seller_N_1_gaslimit_cost_high,log_sellern_rolling_avg_value_last10
"(0.482,1.34]",841,3.19736492183556,2.90305534670814,seller_N_1_gaslimit_cost_high,log_sellern_rolling_avg_value_last10
"(7.68,8.64]",843,3.27191328206589,2.6788872579428,seller_N_1_gaslimit_cost_high,log_sellern_1_total_value
"(5.7,6.69]",841,2.05834644730421,2.40495878429591,seller_N_1_gaslimit_cost_high,log_sellern_1_total_value
"(6.69,7.68]",841,2.21165226552374,2.35300317184664,seller_N_1_gaslimit_cost_high,log_sellern_1_total_value
"[4.29,5.7]",842,1.70623388910946,2.41213745921791,seller_N_1_gaslimit_cost_high,log_sellern_1_total_value
"(8.64,10.2]",839,5.5710300321385,2.64860527072065,seller_N_1_gaslimit_cost_high,log_sellern_1_total_value
"(0.00755,0.0925]",841,1.72552602843233,2.55822165923438,seller_N_1_gaslimit_cost_high,log_sellern_1_rolling_avg_value_last10
"(0.382,1.1]",843,3.70744472780941,2.85659810560534,seller_N_1_gaslimit_cost_high,log_sellern_1_rolling_avg_value_last10
"[0,0.00755]",842,2.6510830685537,2.59911492543277,seller_N_1_gaslimit_cost_high,log_sellern_1_rolling_avg_value_last10
"(1.1,2.32]",839,3.68523576650838,3.01666564308596,seller_N_1_gaslimit_cost_high,log_sellern_1_rolling_avg_value_last10
"(0.0925,0.382]",841,3.04324244778426,2.81328204511354,seller_N_1_gaslimit_cost_high,log_sellern_1_rolling_avg_value_last10
"[0.0444,0.404]",842,0.847867846393863,2.17004765096423,seller_N_1_gaslimit_cost_high,log_buyern_avg_total_gaspaid
"(1.09,1.86]",841,2.84788653934488,2.44920147217501,seller_N_1_gaslimit_cost_high,log_buyern_avg_total_gaspaid
"(2.91,4.8]",841,5.56489116456368,2.47832243451053,seller_N_1_gaslimit_cost_high,log_buyern_avg_total_gaspaid
"(1.86,2.91]",841,3.50506111218128,2.5304712437424,seller_N_1_gaslimit_cost_high,log_buyern_avg_total_gaspaid
"(0.404,1.09]",841,2.04902232445782,2.35163759365936,seller_N_1_gaslimit_cost_high,log_buyern_avg_total_gaspaid
"(3.38,4.74]",837,5.09780923994477,2.5179341399426,seller_N_1_gaslimit_cost_high,log_sellern_avg_total_gaspaid
"(1.71,2.47]",846,2.24051616111808,2.58992688525076,seller_N_1_gaslimit_cost_high,log_sellern_avg_total_gaspaid
"[0.221,0.984]",847,2.08297746714903,2.83756980489824,seller_N_1_gaslimit_cost_high,log_sellern_avg_total_gaspaid
"(2.47,3.38]",840,3.22884116353426,2.4860958851096,seller_N_1_gaslimit_cost_high,log_sellern_avg_total_gaspaid
"(0.984,1.71]",836,2.17844910009634,2.71436414571491,seller_N_1_gaslimit_cost_high,log_sellern_avg_total_gaspaid
"(3.71,5.06]",840,4.777963579428,2.78228627222352,seller_N_1_gaslimit_cost_high,log_sellern_1_avg_total_gaspaid
"(1.8,2.77]",842,2.43335885720291,2.67092169219737,seller_N_1_gaslimit_cost_high,log_sellern_1_avg_total_gaspaid
"(0.917,1.8]",832,2.12900345312911,2.62948407453721,seller_N_1_gaslimit_cost_high,log_sellern_1_avg_total_gaspaid
"[0.149,0.917]",851,2.05292417983018,2.56856487125273,seller_N_1_gaslimit_cost_high,log_sellern_1_avg_total_gaspaid
"(2.77,3.71]",841,3.4236480753162,2.73657938368869,seller_N_1_gaslimit_cost_high,log_sellern_1_avg_total_gaspaid
"(0.00469,0.00827]",842,2.75460895489011,2.7838106377583,seller_N_1_gaslimit_cost_high,log_buyern_avg_gasLimit_cost
"(0.00827,0.0119]",840,2.88007788649292,2.71243737883239,seller_N_1_gaslimit_cost_high,log_buyern_avg_gasLimit_cost
"(0.0119,0.0182]",841,3.22754394906465,2.77526473755169,seller_N_1_gaslimit_cost_high,log_buyern_avg_gasLimit_cost
"[0.00188,0.00469]",842,1.63648223067311,2.50791814363264,seller_N_1_gaslimit_cost_high,log_buyern_avg_gasLimit_cost
"(0.0182,0.0298]",841,4.31522744566298,2.89367718879279,seller_N_1_gaslimit_cost_high,log_buyern_avg_gasLimit_cost
"(0.0171,0.028]",841,3.74654536173094,2.80409582149939,seller_N_1_gaslimit_cost_high,log_sellern_avg_gasLimit_cost
"(0.0121,0.0171]",841,3.07410725352227,2.97716756928306,seller_N_1_gaslimit_cost_high,log_sellern_avg_gasLimit_cost
"(0.00462,0.00856]",844,2.57698379076428,2.8487228240907,seller_N_1_gaslimit_cost_high,log_sellern_avg_gasLimit_cost
"(0.00856,0.0121]",838,2.70969920485306,2.78514551312364,seller_N_1_gaslimit_cost_high,log_sellern_avg_gasLimit_cost
"[0.00186,0.00462]",842,2.70565777121658,2.77104590554553,seller_N_1_gaslimit_cost_high,log_sellern_avg_gasLimit_cost
"(-0.00464,0]",1041,4.22277102129466,2.73695575279117,seller_N_1_gaslimit_cost_high,`log_price_change_n-1`
"(0.655,4.4]",841,1.33365114806883,2.23436004162834,seller_N_1_gaslimit_cost_high,`log_price_change_n-1`
"(0,0.0881]",641,3.63481805703322,2.77785197004663,seller_N_1_gaslimit_cost_high,`log_price_change_n-1`
"(0.0881,0.655]",841,1.53628437098112,2.30895215184395,seller_N_1_gaslimit_cost_high,`log_price_change_n-1`
"[-4.27,-0.00464]",842,3.94370091047169,2.78160704508194,seller_N_1_gaslimit_cost_high,`log_price_change_n-1`
