model,treatment,subgroup,metric,ATE_pct,CI95_lo_pct,CI95_hi_pct,GATES_lift,GATES_bot_mean,GATES_top_mean,cutoff_raw,split_rule,p_value,q_value_bh,kept_pct,total_covariates,count_gt_0_10,count_gt_0_25,median_abs_smd,p90_abs_smd,max_abs_smd,flags
GRF,seller_N_total_value_high,Seller N High,Total Value,-12.9988293899296,-20.8995374710426,-4.30898321546958,8.2354153133435,-16.9144067612212,-8.67899144787769,2090.23794627941,median,0.00414648474160592,0.00609777167883224,87.6577070762479,,,,,,,***
GRF,seller_N_1_total_value_high,Seller N-1 High,Total Value,-42.6100919752993,-47.6341343965763,-37.1040370453026,23.6136643598508,-53.64524985038,-30.0315854905292,2255.0931438792,median,1.49919105201373e-32,9.36994407508581e-32,86.8348875479978,,,,,,,***
GRF,buyer_N_total_value_high,Buyer N High,Total Value,4.34959240971964,-4.01808357971769,13.4467599958616,11.7994705986995,-0.840038618540581,10.9594319801589,2227.28783343222,median,0.318103781439514,0.331358105666161,100,,,,,,,""
GRF,buyer_N_1_total_value_high,Buyer N-1 High,Total Value,-36.4741522411879,-41.532684637538,-30.9779607895812,27.6202607487328,-48.3524737712735,-20.7322130225406,2634.67011273815,median,8.45754209981242e-27,3.02055074993301e-26,99.7805814591333,,,,,,,***
GRF,buyer_N_gaspaid_high,Buyer N High,Gas Paid,-14.6721743007461,-21.826098210639,-6.86357375150055,9.04306471885413,-19.4171599819345,-10.3740952630804,3.94503981852923,median,0.000382940012809249,0.000598343770014451,99.5885902358749,,,,,,,***
GRF,buyer_N_1_gaspaid_high,Buyer N-1 High,Gas Paid,48.6727996993892,35.6444891481825,62.9524465701515,36.5524006467246,28.5321410026656,65.0845416493902,10.0460859499784,median,2.34072453608113e-17,5.85181134020283e-17,96.023038946791,,,,,,,***
GRF,seller_N_gaspaid_high,Seller N High,Gas Paid,7.35989803885337,-3.10609138907511,18.9563706547947,7.82179042281128,2.67432989880888,10.4961203216202,3.91283573237692,median,0.174766249813704,0.198598011151936,88.3433900164564,,,,,,,""
GRF,seller_N_1_gaspaid_high,Seller N-1 High,Gas Paid,85.2257062989602,66.0835123548308,106.574161321021,48.7607198246697,57.8076843603756,106.568404185045,14.6142502398712,median,1.6512986279202e-28,6.88041094966752e-28,89.3582007679649,,,,,,,***
GRF,buyer_N_gaslimit_cost_high,Buyer N High,Gas Limit Cost,41.8420241895034,31.0089893357577,53.5708345525289,30.9976299883373,23.6730814486876,54.6707114370249,0.00724335425814251,median,6.50382674422925e-18,1.80661854006368e-17,100,,,,,,,***
GRF,buyer_N_1_gaslimit_cost_high,Buyer N-1 High,Gas Limit Cost,32.01317293247,20.8756926606215,44.176860079129,21.6788484132353,21.971154158876,43.6500025721113,0.00842431062528041,median,6.57122201987109e-10,1.2636965422829e-09,99.0400438837082,,,,,,,***
GRF,seller_N_gaslimit_cost_high,Seller N High,Gas Limit Cost,43.6429324512736,30.653721373489,57.9234929269137,18.4568042434721,34.7897889535175,53.2465931969896,0.00835198924962315,median,6.9254665627054e-14,1.57396967334214e-13,88.8096544157981,,,,,,,***
GRF,seller_N_1_gaslimit_cost_high,Seller N-1 High,Gas Limit Cost,6.33542975132231,-3.72149799423566,17.4428702652792,13.3057271754814,0.261738978236379,13.5674661537178,0.0130669126323884,median,0.225577342090306,0.245192763141637,88.8096544157981,,,,,,,""
GRF,buyer_N_Tvalue_Gaspaid_11vs00,Combination — Buyer N High,Total Value + Gas Paid,-8.17806356947134,-16.2483056622229,0.669820193106663,7.73429682054016,-11.9712305364251,-4.23693371588493,,,0.0690997563630535,0.0822616147179208,99.9288762446657,,,,,,,**
GRF,buyer_N_Tvalue_Gaslimit_11vs00,Combination — Buyer N High,Total Value + Gas Limit,46.8378309625958,26.4116863126193,70.5645200276665,31.4592240599706,29.3808867285616,60.8401107885322,,,4.98517701713299e-07,8.90210181630891e-07,100,,,,,,,***
GRF,buyer_N_1_Tvalue_Gaspaid_11vs00,Combination — Buyer N-1 High,Total Value + Gas Paid,-20.0060326211916,-27.6330042614175,-11.5752318899952,18.2116069868944,-27.9885381429612,-9.7769311560668,,,1.26357199532894e-05,2.10595332554823e-05,97.9547900968784,,,,,,,***
GRF,buyer_N_1_Tvalue_Gaslimit_11vs00,Combination — Buyer N-1 High,Total Value + Gas Limit,-16.6480446089736,-29.1083338456241,-1.99766990412592,11.6265911146371,-21.8558799245251,-10.229288809888,,,0.0275059233912954,0.0370955958844689,100,,,,,,,***
GRF,buyer_N_1_Tvalue_Gaspaid_Gaslimit_11vs00,Combination — Buyer N-1 High,Total Value + Gas Paid + Gas Limit,12.3709052108778,-0.512705983337169,26.9229449119119,4.62293176011264,10.0658574095212,14.6887891696338,,,0.0604815829828152,0.075601978728519,100,,,,,,,**
GRF,seller_N_Tvalue_Gaslimit_11vs00,Combination — Seller N High,Total Value + Gas Limit,23.246787806896,2.2594893178175,48.5414293191803,17.4672347052576,13.7784375236818,31.2456722289394,,,0.0281926528721964,0.0370955958844689,83.1799163179916,,,,,,,***
GRF,seller_N_1_Tvalue_Gaspaid_11vs00,Combination — Seller N-1 High,Total Value + Gas Paid,-1.61103651342307,-12.6365112673807,10.8058787074121,13.7206370290369,-8.83027460719856,4.89036242183838,,,0.788820337775587,0.788820337775587,90.7446808510638,,,,,,,""
GRF,combo_all_TV_BN1_SN_SN1_11vs00,Combination — All,BN-1 TV + S:N TV + S:N-1 TV,-70.5231808953433,-72.3933013206561,-68.526375622784,10.2152420536116,-74.0221605195642,-63.8069184659526,,,3.95160096245259e-292,4.93950120306574e-291,100,,,,,,,***
GRF,seller_total_value_11vs00,Combination — Seller,S:N + S:N-1: Total Value,-49.2257861851111,-56.2865638611874,-41.0245220637995,12.2438078201126,-54.3401349906903,-42.0963271705778,,,7.17587203524069e-19,2.24246001101272e-18,76.8281938325991,,,,,,,***
GRF,comboB_lowTV_all_11vs00,Strategy,BN-1 TV ↓ + S:N TV ↓ + S:N-1 TV ↓,240.020852871236,218.501103026099,262.994599669592,100.99581663324,181.530706302597,282.526522935837,,,1.12102829297168e-294,2.8025707324292e-293,100,,,,,,,***
GRF,comboB_BN1_lowTV_highFees_11vs00,Strategy,BN-1 TV ↓ + BN-1 GL ↑ + BN-1 GP ↑,289.530864037083,234.578160390477,353.509260318698,10.0212615824391,272.241055915347,282.262317497786,,,9.14614333585836e-69,7.6217861132153e-68,100,,,,,,,***
GRF,comboB_SN_lowTV_highFees_11vs00,Strategy,S:N TV ↓ + S:N GL ↑ + S:N GP ↑,99.2955048475976,65.8192667362831,139.530056031588,5.41936763869839,97.3181148262069,102.737482464905,,,1.97731399695217e-13,4.11940416031701e-13,100,,,,,,,***
GRF,comboB_mix_lowTV_highFees_11vs00,Strategy,"BN-1 (TV ↓, GL ↑, GP ↑) + S:N (TV ↓, GL ↑, GP ↑)",726.206407593853,477.692639487721,1081.62666665523,87.2608081744463,694.428134252333,781.688942426779,,,6.02125218188481e-31,3.01062609094241e-30,100,,,,,,,***
