treatment,model,n_used,treated_share,overlap_alpha,target_primary,ATE_log,SE_log,CI95_lo_log,CI95_hi_log,z_or_t,p_value,ATE_pp,CI95_lo_pp,CI95_hi_pp,ATE_pct,CI95_lo_pct,CI95_hi_pct,top_importances,calib_intercept,calib_slope,calib_p_slope,AIPW_log,AIPW_se_log,q_value_bh
seller_N_total_value_high,PDS,3196,0.429599499374218,0.05,,0.0689498118471963,0.0261087679880111,0.0177775669099824,0.12012205678441,2.6408680746199,0.0082693912841512,6.89498118471963,1.77775669099824,12.012205678441,7.13824370935334,1.79365284385062,12.7634478618498,,,,,,,0.0187398196973065
seller_N_1_total_value_high,PDS,3166,0.424194567277322,0.05,,-0.12923796693292,0.0232457954751759,-0.174798888856249,-0.0836770450095909,-5.55962763549789,2.70350826119142e-08,-12.923796693292,-17.4798888856249,-8.36770450095909,-12.1235176307704,-16.0374138091868,-8.02717610389133,,,,,,,1.68969266324463e-07
buyer_N_total_value_high,PDS,3646,0.501097092704334,0.05,,0.0375853677661043,0.0208685631179748,-0.00331626435422711,0.0784869998864357,1.80105202038231,0.0716946810858952,3.75853677661043,-0.331626435422711,7.84869998864357,3.8300630703932,-0.331077162305404,8.16492935072231,,,,,,,0.112022939196711
buyer_N_1_total_value_high,PDS,3638,0.49890049477735,0.05,,-0.0629043229669306,0.0195567803661137,-0.101234908138073,-0.0245737377957877,-3.21649687675205,0.00129765946054084,-6.29043229669306,-10.1234908138073,-2.45737377957877,-6.09666866873585,-9.6279283401446,-2.42742615995394,,,,,,,0.00360460961261345
buyer_N_gaspaid_high,PDS,3631,0.497934453318645,0.05,,-0.0555911349992066,0.0222752566684921,-0.0992498358158369,-0.0119324341825764,-2.49564509296268,0.0125728324976112,-5.55911349992066,-9.92498358158369,-1.19324341825764,-5.40741872061182,-9.44835506799081,-1.18615250097233,,,,,,,0.0241785240338676
buyer_N_1_gaspaid_high,PDS,3501,0.47957726363896,0.05,,0.0907677465492696,0.0241821836760108,0.0433715374767561,0.138163955621783,3.75349669679803,0.000174384831363667,9.07677465492696,4.33715374767561,13.8163955621783,9.50146547905464,4.43258289635236,14.816378274978,,,,,,,0.000544952598011459
seller_N_gaspaid_high,PDS,3221,0.436199937907482,0.05,,-0.0307098282151777,0.0263500689074956,-0.0823550142640177,0.0209353578336623,-1.16545532852257,0.243834732418548,-3.07098282151777,-8.23550142640177,2.09353578336623,-3.02430716478859,-7.90550479405833,2.11560397653972,,,,,,,0.311672874961783
seller_N_1_gaspaid_high,PDS,3258,0.440454266421117,0.05,,0.119709091450108,0.0269623680534047,0.066863821127522,0.172554361772695,4.43985822065033,9.00181615520727e-06,11.9709091450108,6.6863821127522,17.2554361772695,12.716890080943,6.91498726364606,18.8336418933424,,,,,,,3.75075673133636e-05
buyer_N_gaslimit_cost_high,PDS,3646,0.5,0.05,,0.0306392001641111,0.0173047167856058,-0.00327742149834207,0.0645558218265642,1.77056929296855,0.0766323520454234,3.06392001641111,-0.327742149834207,6.45558218265642,3.11134112155225,-0.327205661509811,6.66851208945609,,,,,,,0.112694635360917
buyer_N_1_gaslimit_cost_high,PDS,3611,0.504846302963168,0.05,,0.022184229052032,0.0229108002359958,-0.0227201142675116,0.0670885723715756,0.968286957396525,0.332901076696763,2.2184229052032,-2.27201142675116,6.70885723715756,2.24321288225149,-2.24639561196189,6.93901924054874,,,,,,,0.378296678064503
seller_N_gaslimit_cost_high,PDS,3238,0.437615812229771,0.05,,0.00540863002205349,0.024726922376857,-0.0430552472851038,0.0538725073292108,0.21873446034334,0.826856903458062,0.540863002205349,-4.30552472851038,5.38725073292108,0.542328306713324,-4.2141530474769,5.53500441819343,,,,,,,0.861309274435482
seller_N_1_gaslimit_cost_high,PDS,3238,0.437306979617048,0.05,,-0.0222023020031424,0.0260833899601187,-0.0733248069196886,0.0289202029134038,-0.851204618613209,0.394655697631897,-2.22023020031424,-7.33248069196886,2.89202029134038,-2.1957644891466,-7.07010617254289,2.93424526690032,,,,,,,0.428973584382496
buyer_N_Tvalue_Gaspaid_11vs00,PDS,2810,0.500355871886121,0.05,,0.00374851100852494,0.0243434663523943,-0.0439638063010305,0.0514608283180804,0.153984274641161,0.877622134717201,0.374851100852494,-4.39638063010305,5.14608283180804,0.375554546274559,-4.30114061966842,5.28079452264447,,,,,,,0.877622134717201
buyer_N_Tvalue_Gaslimit_11vs00,PDS,1844,0.501084598698482,0.05,,0.111437602856466,0.0537973060047201,0.00599682062193382,0.216878385090997,2.0714346336727,0.0383181971293451,11.1437602856466,0.599682062193382,21.6878385090997,11.7883989061578,0.601483754747156,24.219302375971,,,,,,,0.0684253520166877
buyer_N_1_Tvalue_Gaspaid_11vs00,PDS,2730,0.48974358974359,0.05,,-0.0414719299979682,0.0223705356583907,-0.0853173742032829,0.00237351420734654,-1.85386396782202,0.0637586240249304,-4.14719299979682,-8.53173742032829,0.237351420734654,-4.06237353427842,-8.17791814486926,0.237633322207542,,,,,,,0.106264373374884
buyer_N_1_Tvalue_Gaslimit_11vs00,PDS,1574,0.5,0.05,,-0.0608534139354162,0.0528260663484623,-0.164390601423326,0.0426837735524932,-1.15195807944514,0.249338299969426,-6.08534139354162,-16.4390601423326,4.26837735524932,-5.9038838539351,-15.1589433223944,4.36078262696642,,,,,,,0.311672874961783
buyer_N_1_Tvalue_Gaspaid_Gaslimit_11vs00,PDS,1342,0.492548435171386,0.05,,0.0440194592961023,0.035474335331193,-0.0255089603285328,0.113547878920737,1.24088186248258,0.214649393966647,4.40194592961023,-2.55089603285328,11.3547878920737,4.50026897073592,-2.51863557239027,12.0245523755019,,,,,,,0.298124158287009
seller_N_Tvalue_Gaslimit_11vs00,PDS,1988,0.399396378269618,0.05,,0.062994879836824,0.0608976123390974,-0.0563622470922888,0.182352006765937,1.03443924017987,0.300930867835602,6.2994879836824,-5.63622470922888,18.2352006765937,6.50213861340623,-5.48033208814954,20.0036540522705,,,,,,,0.358251033137622
seller_N_1_Tvalue_Gaspaid_11vs00,PDS,2559,0.449003516998828,0.05,,-0.0748159712868853,0.028640544856488,-0.130950407703206,-0.0186815348705649,-2.61223980415781,0.00899511345470711,-7.48159712868853,-13.0950407703206,-1.86815348705649,-7.20857665208502,-12.2738721286005,-1.85081165836917,,,,,,,0.0187398196973065
combo_all_TV_BN1_SN_SN1_11vs00,PDS,1660,0.509036144578313,0,,-0.866225132725243,0.0776023051663313,-1.01832285596854,-0.714127409481947,-11.1623634229498,6.23126430773442e-29,-86.6225132725243,-101.832285596854,-71.4127409481947,-57.9463975549115,-63.8799782748693,-51.0380837512314,,,,,,,7.78908038466803e-28
seller_total_value_11vs00,PDS,1744,0.349197247706422,0.05,,-0.230714849278654,0.0561176638735299,-0.340703449367298,-0.120726249190011,-4.11126966722291,3.93489294453424e-05,-23.0714849278654,-34.0703449367298,-12.0726249190011,-20.6034166310541,-28.8730195555312,-11.3723454690505,,,,,,,0.000140531890876223
comboB_lowTV_all_11vs00,PDS,1660,0.490963855421687,0,,0.866225132725248,0.0776023051663313,0.714127409481952,1.01832285596854,11.1623634229498,6.23126430773006e-29,86.6225132725248,71.4127409481952,101.832285596854,137.791756676674,104.240372235258,176.854761497624,,,,,,,7.78908038466803e-28
comboB_BN1_lowTV_highFees_11vs00,PDS,627,0.516746411483254,0,,0.947679804601243,0.132082000460099,0.688803840693447,1.20655576850904,7.17493527732821,7.23414014344825e-13,94.7679804601243,68.8803840693447,120.655576850904,157.971726211623,99.1332157586039,234.195434303024,,,,,,,6.02845011954021e-12
comboB_SN_lowTV_highFees_11vs00,PDS,499,0.49498997995992,0,,0.401012261393566,0.129576388245054,0.14704720718648,0.654977315600652,3.09479425090297,0.00196949467761409,40.1012261393566,14.704720718648,65.4977315600652,49.3335578762963,15.8408646952125,92.5098847170015,,,,,,,0.00492373669403523
comboB_mix_lowTV_highFees_11vs00,PDS,105,0.60952380952381,0,,2.0119903961825,0.415873255955531,1.19689379237625,2.82708699998875,4.83798938106671,1.31159146980659e-06,201.19903961825,119.689379237625,282.708699998875,647.818709911558,230.9819950785,1589.61705231474,,,,,,,6.55795734903296e-06
